Delivery_id,Order_id,Delivery_partner_id,Delivery_Date
70001,418,1550,14-03-2020
70002,730,1321,29-08-2022
70003,183,2429,17-06-2023
70004,553,1952,05-01-2021
70005,1265,2200,11-11-2019
70006,1286,2516,23-12-2022
70007,858,1400,02-09-2023
70008,36,2391,10-06-2021
70009,476,1677,19-04-2024
70010,618,1149,01-10-2020
70011,294,1820,07-08-2021
70012,572,1511,11-03-2023
70013,364,1250,30-12-2019
70014,139,1184,08-01-2024
70015,770,2458,26-03-2022
70016,632,1834,15-07-2023
70017,723,2436,06-06-2020
70018,1068,1971,20-10-2024
70019,1013,1167,29-11-2021
70020,899,2585,16-09-2022
70021,192,2569,21-12-2020
70022,1436,1624,04-05-2023
70023,241,1728,30-06-2024
70024,1130,2184,05-08-2019
70025,1006,1145,19-01-2020
70026,1268,1359,14-02-2021
70027,230,1412,22-03-2024
70028,568,2210,26-10-2023
70029,1138,1551,08-05-2022
70030,1124,1780,03-08-2024
70031,469,1362,18-02-2022
70032,169,2549,30-05-2021
70033,1363,1935,12-09-2020
70034,1067,1099,19-08-2023
70035,87,1699,21-06-2022
70036,795,1810,25-09-2021
70037,178,2396,11-06-2019
70038,496,2598,08-02-2020
70039,428,1611,12-12-2024
70040,871,1614,07-04-2023
70041,1022,1527,13-11-2022
70042,900,2379,02-12-2021
70043,1461,1007,27-07-2020
70044,1167,2176,18-07-2022
70045,435,1012,01-01-2023
70046,1287,2264,26-05-2024
70047,315,1474,09-09-2019
70048,450,1025,15-10-2021
70049,767,1854,02-04-2020
70050,438,1395,06-11-2023
70051,1321,1558,31-01-2022
70052,713,1960,13-07-2024
70053,820,2421,09-03-2021
70054,359,2565,20-08-2020
70055,1377,2389,01-12-2023
70056,234,1606,03-07-2021
70057,1386,2258,17-10-2019
70058,152,2347,05-10-2022
70059,1323,2306,11-02-2024
70060,1110,1857,15-11-2020
70061,430,1914,22-05-2020
70062,1309,1369,27-02-2023
70063,443,1855,26-04-2021
70064,233,1831,07-09-2024
70065,1133,1199,23-07-2019
70066,748,1140,15-04-2022
70067,307,2170,18-06-2021
70068,1214,2165,25-11-2024
70069,227,1089,09-12-2020
70070,731,1209,01-06-2023
70071,19,1267,03-08-2022
70072,1212,2399,29-08-2021
70073,1411,1670,27-11-2019
70074,729,2536,21-09-2023
70075,88,1522,23-10-2020
70076,1198,1250,10-12-2022
70077,873,2423,02-10-2021
70078,1067,1425,30-06-2020
70079,830,2350,05-07-2023
70080,1403,1754,19-01-2019
70081,242,1139,28-01-2024
70082,1186,1312,01-03-2022
70083,638,1948,21-12-2021
70084,869,1589,09-03-2024
70085,534,1286,10-10-2023
70086,1128,1500,03-01-2020
70087,365,1940,30-05-2022
70088,1285,1732,21-08-2024
70089,1435,1397,01-05-2021
70090,222,1629,28-09-2020
70091,1200,1714,06-08-2023
70092,1131,1707,02-06-2022
70093,663,2531,10-09-2021
70094,797,1262,21-02-2020
70095,1401,2281,30-06-2019
70096,1142,1625,27-12-2024
70097,1462,1993,25-03-2023
70098,1358,1807,05-11-2021
70099,736,1516,27-11-2022
70100,1288,1646,12-07-2020
70101,524,1582,01-07-2022
70102,551,2410,19-01-2023
70103,1125,2235,09-05-2024
70104,345,1235,27-02-2021
70105,598,1628,06-08-2020
70106,206,1639,18-12-2023
70107,176,1820,21-07-2021
70108,1394,1610,01-10-2019
70109,749,2408,22-10-2022
70110,323,1428,26-02-2024
70111,1230,1901,01-11-2020
70112,1146,1320,10-02-2023
70113,656,1325,09-04-2021
70114,1013,1771,23-09-2024
70115,1081,2281,07-07-2019
70116,884,2589,29-04-2022
70117,58,1112,02-06-2021
70118,1432,1416,08-11-2024
70119,1179,1397,25-12-2020
70120,1278,1913,17-05-2023
70121,81,1933,17-08-2022
70122,469,1738,14-08-2021
70123,547,1692,01-11-2019
70124,66,1668,09-09-2023
70125,394,1828,08-10-2020
70126,1436,1206,25-11-2022
70127,452,2378,21-09-2021
70128,113,2174,16-06-2020
70129,506,1813,20-07-2023
70130,272,2297,03-02-2019
70131,1393,1243,15-01-2024
70132,506,2398,13-03-2022
70133,677,1854,07-12-2021
70134,380,2330,26-03-2024
70135,1167,1612,21-10-2023
70136,227,1693,17-01-2020
70137,389,1238,15-06-2022
70138,831,1461,09-08-2024
70139,64,2214,16-04-2021
70140,1332,1204,14-09-2020
70141,813,1548,24-08-2023
70142,1040,1068,27-06-2022
70143,395,1550,03-09-2021
70144,1272,1811,03-02-2020
70145,1457,1460,18-06-2019
70146,493,2586,18-12-2024
70147,617,1598,14-04-2023
70148,240,2358,29-10-2021
70149,642,1688,31-12-2022
70150,6,1537,01-07-2020
70151,300,1939,10-07-2022
70152,415,1617,06-01-2023
70153,1286,2263,18-05-2024
70154,182,1473,14-03-2021
70155,210,2499,13-08-2020
70156,509,1030,10-12-2023
70157,770,2452,10-07-2021
70158,21,1020,26-10-2019
70159,782,1727,12-10-2022
70160,1279,2293,19-02-2024
70161,1134,1594,23-11-2020
70162,900,1409,19-02-2023
70163,1078,2237,12-05-2021
70164,1138,2370,01-10-2024
70165,570,1340,19-07-2019
70166,654,1263,14-05-2022
70167,1208,1605,26-06-2021
70168,593,1068,12-11-2024
70169,225,1052,17-12-2020
70170,37,1372,29-05-2023
70171,589,1271,01-09-2022
70172,224,1994,21-08-2021
70173,1416,1778,15-11-2019
70174,468,1645,04-10-2023
70175,289,2600,16-10-2020
70176,393,1797,03-12-2022
70177,1124,1558,16-09-2021
70178,1102,1520,23-06-2020
70179,347,1545,13-07-2023
70180,891,1772,11-03-2019
70181,293,1888,03-01-2024
70182,282,2418,04-02-2022
70183,1277,1372,28-12-2021
70184,211,1151,12-04-2024
70185,594,2441,19-11-2023
70186,404,2391,11-01-2020
70187,21,1965,09-06-2022
70188,143,1096,17-09-2024
70189,1358,1430,01-04-2021
70190,566,2460,02-09-2020
70191,1365,1917,10-08-2023
70192,154,1324,24-07-2022
70193,1387,1795,28-09-2021
70194,264,1877,15-02-2020
70195,81,2191,01-06-2019
70196,1196,1132,03-12-2024
70197,129,2491,30-03-2023
70198,639,1052,20-11-2021
70199,1341,1147,05-11-2022
70200,1057,1822,18-07-2020
70201,1430,2473,30-07-2022
70202,672,2478,13-01-2023
70203,384,1978,01-05-2024
70204,876,1112,25-03-2021
70205,378,1377,01-08-2020
70206,1185,1321,24-12-2023
70207,136,2384,16-07-2021
70208,867,1477,09-10-2019
70209,579,1257,01-10-2022
70210,199,1884,05-02-2024
70211,554,1114,07-11-2020
70212,758,2207,03-02-2023
70213,1197,1102,22-04-2021
70214,1082,1256,01-09-2024
70215,896,1336,01-07-2019
70216,1439,1664,21-04-2022
70217,323,1477,13-06-2021
70218,1268,1681,01-11-2024
70219,359,1638,05-12-2020
70220,534,2291,12-05-2023
70221,1181,2312,14-03-2020
70222,1289,2235,29-08-2022
70223,77,1121,17-06-2023
70224,181,2318,05-01-2021
70225,751,2557,11-11-2019
70226,790,2200,23-12-2022
70227,579,2421,02-09-2023
70228,630,1215,10-06-2021
70229,344,1940,19-04-2024
70230,1438,1915,01-10-2020
70231,1433,1702,07-08-2021
70232,738,2332,11-03-2023
70233,881,2196,30-12-2019
70234,1206,2516,08-01-2024
70235,1323,2171,26-03-2022
70236,1414,2209,15-07-2023
70237,1399,1478,06-06-2020
70238,1237,2227,20-10-2024
70239,1033,1799,29-11-2021
70240,64,2339,16-09-2022
70241,353,2243,21-12-2020
70242,796,1757,04-05-2023
70243,763,2451,30-06-2024
70244,1369,1261,05-08-2019
70245,1243,1986,19-01-2020
70246,117,2411,14-02-2021
70247,691,1849,22-03-2024
70248,782,1117,26-10-2023
70249,618,1009,08-05-2022
70250,247,2216,03-08-2024
70251,1028,1903,18-02-2022
70252,282,1160,30-05-2021
70253,742,1988,12-09-2020
70254,843,1283,19-08-2023
70255,1269,2452,21-06-2022
70256,78,1944,25-09-2021
70257,187,1897,11-06-2019
70258,135,1147,08-02-2020
70259,622,1117,12-12-2024
70260,1138,1555,07-04-2023
70261,1160,1795,13-11-2022
70262,485,1736,02-12-2021
70263,1095,1211,27-07-2020
70264,1224,1105,18-07-2022
70265,1201,2397,01-01-2023
70266,809,2394,26-05-2024
70267,1436,1274,09-09-2019
70268,335,1039,15-10-2021
70269,1426,1500,02-04-2020
70270,1382,2269,06-11-2023
70271,1056,2353,31-01-2022
70272,74,1312,13-07-2024
70273,235,1784,09-03-2021
70274,496,2234,20-08-2020
70275,1008,1920,01-12-2023
70276,23,1551,03-07-2021
70277,867,1790,17-10-2019
70278,652,1524,05-10-2022
70279,700,2268,11-02-2024
70280,724,1798,15-11-2020
70281,314,1328,22-05-2020
70282,66,1245,27-02-2023
70283,497,1686,26-04-2021
70284,869,1325,07-09-2024
70285,450,1609,23-07-2019
70286,1355,1133,15-04-2022
70287,528,1778,18-06-2021
70288,191,1796,25-11-2024
70289,377,1422,09-12-2020
70290,157,1462,01-06-2023
70291,1412,1529,03-08-2022
70292,236,1230,29-08-2021
70293,317,2274,27-11-2019
70294,138,1621,21-09-2023
70295,703,2482,23-10-2020
70296,1183,2218,10-12-2022
70297,875,1104,02-10-2021
70298,1266,1697,30-06-2020
70299,1151,1330,05-07-2023
70300,461,1109,19-01-2019
70301,489,2162,28-01-2024
70302,360,1267,01-03-2022
70303,522,1768,21-12-2021
70304,36,2472,09-03-2024
70305,293,2264,10-10-2023
70306,1398,2231,03-01-2020
70307,182,1278,30-05-2022
70308,1454,1858,21-08-2024
70309,189,1317,01-05-2021
70310,181,2262,28-09-2020
70311,556,1559,06-08-2023
70312,1010,1439,02-06-2022
70313,481,2596,10-09-2021
70314,356,1083,21-02-2020
70315,698,1251,30-06-2019
70316,447,2566,27-12-2024
70317,307,1413,25-03-2023
70318,183,1044,05-11-2021
70319,1041,1738,27-11-2022
70320,298,2562,12-07-2020
70321,595,1017,01-07-2022
70322,737,2164,19-01-2023
70323,459,1490,09-05-2024
70324,417,1036,27-02-2021
70325,389,1478,06-08-2020
70326,121,1425,18-12-2023
70327,1228,1046,21-07-2021
70328,811,1695,01-10-2019
70329,454,2195,22-10-2022
70330,1036,1719,26-02-2024
70331,1352,2315,01-11-2020
70332,196,1084,10-02-2023
70333,604,2337,09-04-2021
70334,78,1437,23-09-2024
70335,435,1638,07-07-2019
70336,1308,1183,29-04-2022
70337,1282,1066,02-06-2021
70338,119,1942,08-11-2024
70339,691,2568,25-12-2020
70340,1241,2341,17-05-2023
70341,1096,1223,17-08-2022
70342,61,1687,14-08-2021
70343,1085,2569,01-11-2019
70344,631,1347,09-09-2023
70345,580,2390,08-10-2020
70346,528,1155,25-11-2022
70347,65,1267,21-09-2021
70348,551,2249,16-06-2020
70349,868,1409,20-07-2023
70350,193,1989,03-02-2019
70351,283,1939,15-01-2024
70352,341,1213,13-03-2022
70353,378,2409,07-12-2021
70354,1451,1791,26-03-2024
70355,665,1951,21-10-2023
70356,30,2370,17-01-2020
70357,1147,1997,15-06-2022
70358,1263,2371,09-08-2024
70359,706,1206,16-04-2021
70360,843,1449,14-09-2020
70361,1157,1310,24-08-2023
70362,382,2172,27-06-2022
70363,1302,2168,03-09-2021
70364,1275,2260,03-02-2020
70365,648,1107,18-06-2019
70366,1085,2316,18-12-2024
70367,439,1115,14-04-2023
70368,1181,2450,29-10-2021
70369,197,1381,31-12-2022
70370,186,1769,01-07-2020
70371,1116,2379,10-07-2022
70372,894,1343,06-01-2023
70373,616,1953,18-05-2024
70374,1245,1339,14-03-2021
70375,223,1303,13-08-2020
70376,1097,1630,10-12-2023
70377,1222,1317,10-07-2021
70378,47,1322,26-10-2019
70379,877,2477,12-10-2022
70380,1225,1937,19-02-2024
70381,1314,1265,23-11-2020
70382,1062,2193,19-02-2023
70383,443,1208,12-05-2021
70384,468,1372,01-10-2024
70385,752,2294,19-07-2019
70386,133,1576,14-05-2022
70387,32,1725,26-06-2021
70388,1176,2465,12-11-2024
70389,772,2485,17-12-2020
70390,762,1962,29-05-2023
70391,132,2279,01-09-2022
70392,1419,1834,21-08-2021
70393,370,1989,15-11-2019
70394,1187,1500,04-10-2023
70395,695,1247,16-10-2020
70396,80,2353,03-12-2022
70397,264,1725,16-09-2021
70398,242,1356,23-06-2020
70399,390,2357,13-07-2023
70400,658,2290,11-03-2019
70401,551,1338,03-01-2024
70402,497,1609,04-02-2022
70403,1079,1046,28-12-2021
70404,708,1916,12-04-2024
70405,1171,2178,19-11-2023
70406,468,1026,11-01-2020
70407,1040,1293,09-06-2022
70408,45,1379,17-09-2024
70409,1048,2359,01-04-2021
70410,1426,1161,02-09-2020
70411,369,1364,10-08-2023
70412,1273,1293,24-07-2022
70413,692,1108,28-09-2021
70414,1210,2597,15-02-2020
70415,415,1014,01-06-2019
70416,876,2234,03-12-2024
70417,741,2368,30-03-2023
70418,33,1675,20-11-2021
70419,402,1172,05-11-2022
70420,401,1268,18-07-2020
70421,1365,1049,30-07-2022
70422,322,2564,13-01-2023
70423,639,1372,01-05-2024
70424,1390,1399,25-03-2021
70425,51,1465,01-08-2020
70426,305,1926,24-12-2023
70427,1282,2468,16-07-2021
70428,1144,1901,09-10-2019
70429,637,2387,01-10-2022
70430,507,1926,05-02-2024
70431,548,1197,07-11-2020
70432,1414,1766,03-02-2023
70433,621,2501,22-04-2021
70434,1397,1951,01-09-2024
70435,1008,2182,01-07-2019
70436,26,1063,21-04-2022
70437,418,2494,13-06-2021
70438,834,1450,01-11-2024
70439,224,1435,05-12-2020
70440,342,1406,12-05-2023
70441,684,1048,14-03-2020
70442,120,1233,29-08-2022
70443,1040,2538,17-06-2023
70444,753,1363,05-01-2021
70445,725,1431,11-11-2019
70446,170,1232,23-12-2022
70447,298,1752,02-09-2023
70448,22,1730,10-06-2021
70449,792,2480,19-04-2024
70450,1323,1655,01-10-2020
70451,1107,2438,07-08-2021
70452,825,1244,11-03-2023
70453,612,1645,30-12-2019
70454,180,2302,08-01-2024
70455,213,1261,26-03-2022
70456,89,1179,15-07-2023
70457,1117,1846,06-06-2020
70458,1116,2282,20-10-2024
70459,774,2370,29-11-2021
70460,1306,2566,16-09-2022
70461,563,2480,21-12-2020
70462,787,1160,04-05-2023
70463,521,1069,30-06-2024
70464,602,1567,05-08-2019
70465,610,1090,19-01-2020
70466,1246,2436,14-02-2021
70467,1132,1781,22-03-2024
70468,213,1302,26-10-2023
70469,1326,2480,08-05-2022
70470,578,2237,03-08-2024
70471,660,1980,18-02-2022
70472,160,1874,30-05-2021
70473,777,1424,12-09-2020
70474,1429,1622,19-08-2023
70475,1145,1539,21-06-2022
70476,870,2286,25-09-2021
70477,1405,1074,11-06-2019
70478,177,1447,08-02-2020
70479,317,2534,12-12-2024
70480,790,1680,07-04-2023
70481,507,2381,13-11-2022
70482,1102,2493,02-12-2021
70483,651,1465,27-07-2020
70484,1300,1625,18-07-2022
70485,757,1530,01-01-2023
70486,1029,1348,26-05-2024
70487,1362,1478,09-09-2019
70488,272,2593,15-10-2021
70489,183,1298,02-04-2020
70490,742,1694,06-11-2023
70491,770,2249,31-01-2022
70492,1156,1319,13-07-2024
70493,569,2403,09-03-2021
70494,179,1278,20-08-2020
70495,1353,1232,01-12-2023
70496,604,1323,03-07-2021
70497,555,1191,17-10-2019
70498,819,1092,05-10-2022
70499,25,1843,11-02-2024
70500,160,1834,15-11-2020
70501,75,2335,22-05-2020
70502,1284,1784,27-02-2023
70503,734,2260,26-04-2021
70504,796,1470,07-09-2024
70505,878,1892,23-07-2019
70506,1330,1505,15-04-2022
70507,99,1190,18-06-2021
70508,484,1218,25-11-2024
70509,1194,2416,09-12-2020
70510,849,1481,01-06-2023
70511,501,1247,03-08-2022
70512,870,1724,29-08-2021
70513,69,1611,27-11-2019
70514,1458,1876,21-09-2023
70515,201,1649,23-10-2020
70516,1352,1070,10-12-2022
70517,1131,1116,02-10-2021
70518,1056,2377,30-06-2020
70519,370,1999,05-07-2023
70520,396,1412,19-01-2019
70521,1162,1648,28-01-2024
70522,766,1793,01-03-2022
70523,598,1680,21-12-2021
70524,156,2555,09-03-2024
70525,615,1175,10-10-2023
70526,670,1918,03-01-2020
70527,788,2390,30-05-2022
70528,128,1633,21-08-2024
70529,1442,1546,01-05-2021
70530,189,1880,28-09-2020
70531,485,1990,06-08-2023
70532,469,1552,02-06-2022
70533,1004,2574,10-09-2021
70534,1108,1156,21-02-2020
70535,33,2510,30-06-2019
70536,22,2463,27-12-2024
70537,663,1718,25-03-2023
70538,632,1997,05-11-2021
70539,561,1351,27-11-2022
70540,63,1672,12-07-2020
70541,55,1245,01-07-2022
70542,1310,2563,19-01-2023
70543,1237,1613,09-05-2024
70544,365,1598,27-02-2021
70545,1033,2233,06-08-2020
70546,87,2317,18-12-2023
70547,70,1566,21-07-2021
70548,374,1044,01-10-2019
70549,1430,1284,22-10-2022
70550,40,1216,26-02-2024
70551,1347,1125,01-11-2020
70552,614,2593,10-02-2023
70553,760,1701,09-04-2021
70554,362,1815,23-09-2024
70555,882,1043,07-07-2019
70556,173,2211,29-04-2022
70557,226,2461,02-06-2021
70558,1158,1514,08-11-2024
70559,900,1116,25-12-2020
70560,357,1759,17-05-2023
70561,556,1678,17-08-2022
70562,1415,1751,14-08-2021
70563,1458,1325,01-11-2019
70564,1260,1422,09-09-2023
70565,1433,1165,08-10-2020
70566,1057,2320,25-11-2022
70567,28,2356,21-09-2021
70568,1430,1166,16-06-2020
70569,1425,1173,20-07-2023
70570,575,2330,03-02-2019
70571,103,1709,15-01-2024
70572,214,2483,13-03-2022
70573,470,1576,07-12-2021
70574,1164,1650,26-03-2024
70575,307,1094,21-10-2023
70576,641,1942,17-01-2020
70577,34,2172,15-06-2022
70578,882,1815,09-08-2024
70579,414,1197,16-04-2021
70580,1391,1259,14-09-2020
70581,548,1223,24-08-2023
70582,707,1372,27-06-2022
70583,485,2424,03-09-2021
70584,1045,1850,03-02-2020
70585,332,2496,18-06-2019
70586,372,2503,18-12-2024
70587,492,1297,14-04-2023
70588,1293,2176,29-10-2021
70589,533,1350,31-12-2022
70590,706,2461,01-07-2020
70591,718,1021,10-07-2022
70592,369,1438,06-01-2023
70593,1294,1201,18-05-2024
70594,417,1004,14-03-2021
70595,1163,1801,13-08-2020
70596,604,1688,10-12-2023
70597,622,1155,10-07-2021
70598,562,1797,26-10-2019
70599,681,1337,12-10-2022
70600,451,1177,19-02-2024
70601,1255,1927,23-11-2020
70602,443,2205,19-02-2023
70603,1054,1190,12-05-2021
70604,17,1065,01-10-2024
70605,593,1073,19-07-2019
70606,1351,2309,14-05-2022
70607,639,1263,26-06-2021
70608,1221,1909,12-11-2024
70609,387,2395,17-12-2020
70610,1159,1593,29-05-2023
70611,417,2321,01-09-2022
70612,1345,2464,21-08-2021
70613,532,1861,15-11-2019
70614,559,1886,04-10-2023
70615,1023,1119,16-10-2020
70616,61,1516,03-12-2022
70617,663,2410,16-09-2021
70618,561,1842,23-06-2020
70619,143,2195,13-07-2023
70620,1049,1177,11-03-2019
70621,211,1064,03-01-2024
70622,184,1821,04-02-2022
70623,506,1572,28-12-2021
70624,154,2515,12-04-2024
70625,740,2174,19-11-2023
70626,866,1425,11-01-2020
70627,1033,2378,09-06-2022
70628,167,1698,17-09-2024
70629,327,1934,01-04-2021
70630,416,1703,02-09-2020
70631,833,1650,10-08-2023
70632,644,2517,24-07-2022
70633,1439,1694,28-09-2021
70634,1002,1806,15-02-2020
70635,1162,2416,01-06-2019
70636,1330,2216,03-12-2024
70637,826,1233,30-03-2023
70638,291,2556,20-11-2021
70639,1223,2489,05-11-2022
70640,1357,2423,18-07-2020
70641,710,1483,30-07-2022
70642,1034,2511,13-01-2023
70643,445,2413,01-05-2024
70644,101,2445,25-03-2021
70645,799,1825,01-08-2020
70646,529,1679,24-12-2023
70647,1237,1395,16-07-2021
70648,837,2202,09-10-2019
70649,379,1924,01-10-2022
70650,1400,2251,05-02-2024
70651,59,2237,07-11-2020
70652,94,1377,03-02-2023
70653,843,1616,22-04-2021
70654,737,1780,01-09-2024
70655,228,2268,01-07-2019
70656,346,1859,21-04-2022
70657,721,2321,13-06-2021
70658,702,2383,01-11-2024
70659,1009,1596,05-12-2020
70660,388,1298,12-05-2023
70661,646,1186,14-03-2020
70662,1107,1787,29-08-2022
70663,2,1806,17-06-2023
70664,765,2596,05-01-2021
70665,212,1937,11-11-2019
70666,415,1992,23-12-2022
70667,458,2366,02-09-2023
70668,1345,1678,10-06-2021
70669,1357,2245,19-04-2024
70670,195,1833,01-10-2020
70671,245,2441,07-08-2021
70672,1308,1953,11-03-2023
70673,1118,1518,30-12-2019
70674,144,1303,08-01-2024
70675,1135,1634,26-03-2022
70676,426,2161,15-07-2023
70677,90,1524,06-06-2020
70678,751,1420,20-10-2024
70679,688,1593,29-11-2021
70680,510,1982,16-09-2022
70681,1035,2472,21-12-2020
70682,1451,1244,04-05-2023
70683,1160,2243,30-06-2024
70684,427,2559,05-08-2019
70685,342,2403,19-01-2020
70686,758,2364,14-02-2021
70687,179,1242,22-03-2024
70688,733,2238,26-10-2023
70689,555,1096,08-05-2022
70690,1342,1471,03-08-2024
70691,302,1269,18-02-2022
70692,372,2416,30-05-2021
70693,1003,2312,12-09-2020
70694,51,1528,19-08-2023
70695,1177,1882,21-06-2022
70696,339,1994,25-09-2021
70697,1053,1923,11-06-2019
70698,1126,2390,08-02-2020
70699,1004,1202,12-12-2024
70700,1335,1924,07-04-2023
70701,1123,1646,13-11-2022
70702,642,2374,02-12-2021
70703,701,2348,27-07-2020
70704,213,1009,18-07-2022
70705,780,1810,01-01-2023
70706,1074,1931,26-05-2024
70707,1102,2268,09-09-2019
70708,18,1624,15-10-2021
70709,294,2446,02-04-2020
70710,318,1052,06-11-2023
70711,1175,1020,31-01-2022
70712,592,2365,13-07-2024
70713,390,2549,09-03-2021
70714,309,1719,20-08-2020
70715,1401,2386,01-12-2023
70716,64,1525,03-07-2021
70717,1326,1499,17-10-2019
70718,1005,1376,05-10-2022
70719,202,1711,11-02-2024
70720,191,1896,15-11-2020
70721,1117,1700,22-05-2020
70722,534,1981,27-02-2023
70723,266,2322,26-04-2021
70724,830,2213,07-09-2024
70725,482,1774,23-07-2019
70726,26,2227,15-04-2022
70727,364,1281,18-06-2021
70728,283,1275,25-11-2024
70729,609,1259,09-12-2020
70730,151,1665,01-06-2023
70731,821,2213,03-08-2022
70732,1388,1427,29-08-2021
70733,308,2381,27-11-2019
70734,526,1275,21-09-2023
70735,227,1218,23-10-2020
70736,522,2560,10-12-2022
70737,1084,1855,02-10-2021
70738,732,1051,30-06-2020
70739,689,1877,05-07-2023
70740,126,1688,19-01-2019
70741,584,1889,28-01-2024
70742,1377,1367,01-03-2022
70743,1327,1801,21-12-2021
70744,484,1388,09-03-2024
70745,1371,1844,10-10-2023
70746,878,2384,03-01-2020
70747,189,1480,30-05-2022
70748,1114,1410,21-08-2024
70749,684,2515,01-05-2021
70750,191,2524,28-09-2020
70751,746,2547,06-08-2023
70752,428,2272,02-06-2022
70753,250,1839,10-09-2021
70754,23,1773,21-02-2020
70755,351,2427,30-06-2019
70756,862,1178,27-12-2024
70757,74,2472,25-03-2023
70758,599,1882,05-11-2021
70759,553,1468,27-11-2022
70760,880,2279,12-07-2020
70761,820,1941,01-07-2022
70762,1148,1389,19-01-2023
70763,1300,2478,09-05-2024
70764,1333,1525,27-02-2021
70765,444,1917,06-08-2020
70766,734,1538,18-12-2023
70767,1363,1393,21-07-2021
70768,834,1104,01-10-2019
70769,247,1190,22-10-2022
70770,1427,1092,26-02-2024
70771,756,1582,01-11-2020
70772,1375,2500,10-02-2023
70773,1239,2311,09-04-2021
70774,1270,2313,23-09-2024
70775,398,2522,07-07-2019
70776,525,2240,29-04-2022
70777,329,1307,02-06-2021
70778,1270,1703,08-11-2024
70779,199,1857,25-12-2020
70780,1368,1783,17-05-2023
70781,458,2406,17-08-2022
70782,726,2380,14-08-2021
70783,1317,1563,01-11-2019
70784,742,1036,09-09-2023
70785,80,1977,08-10-2020
70786,1276,1807,25-11-2022
70787,706,1485,21-09-2021
70788,1073,1678,16-06-2020
70789,486,1931,20-07-2023
70790,1176,2271,03-02-2019
70791,704,2450,15-01-2024
70792,376,1245,13-03-2022
70793,393,2539,07-12-2021
70794,59,1096,26-03-2024
70795,1005,2261,21-10-2023
70796,823,2555,17-01-2020
70797,300,1963,15-06-2022
70798,1333,1543,09-08-2024
70799,574,1169,16-04-2021
70800,418,1093,14-09-2020
70801,1140,1280,24-08-2023
70802,1132,2411,27-06-2022
70803,727,1233,03-09-2021
70804,1181,1789,03-02-2020
70805,236,1136,18-06-2019
70806,699,2331,18-12-2024
70807,491,1941,14-04-2023
70808,399,1894,29-10-2021
70809,588,1642,31-12-2022
70810,22,1548,01-07-2020
70811,1031,2526,10-07-2022
70812,487,1273,06-01-2023
70813,308,2298,18-05-2024
70814,710,1986,14-03-2021
70815,135,2523,13-08-2020
70816,649,2591,10-12-2023
70817,830,1230,10-07-2021
70818,383,2483,26-10-2019
70819,1005,2452,12-10-2022
70820,1454,1540,19-02-2024
70821,846,1389,23-11-2020
70822,813,1870,19-02-2023
70823,507,1457,12-05-2021
70824,711,1016,01-10-2024
70825,360,1520,19-07-2019
70826,428,1770,14-05-2022
70827,866,1261,26-06-2021
70828,832,1408,12-11-2024
70829,1029,1233,17-12-2020
70830,1299,2388,29-05-2023
70831,266,1838,01-09-2022
70832,1021,2420,21-08-2021
70833,688,1150,15-11-2019
70834,627,2211,04-10-2023
70835,505,2433,16-10-2020
70836,1236,1393,03-12-2022
70837,826,1742,16-09-2021
70838,504,2591,23-06-2020
70839,499,1117,13-07-2023
70840,783,1057,11-03-2019
70841,1446,1596,03-01-2024
70842,769,2507,04-02-2022
70843,245,1042,28-12-2021
70844,787,2431,12-04-2024
70845,805,2499,19-11-2023
70846,773,2198,11-01-2020
70847,289,1124,09-06-2022
70848,1097,1613,17-09-2024
70849,1124,1004,01-04-2021
70850,60,1376,02-09-2020
70851,1384,1140,10-08-2023
70852,804,1169,24-07-2022
70853,1232,1548,28-09-2021
70854,690,1969,15-02-2020
70855,1286,1033,01-06-2019
70856,328,2305,03-12-2024
70857,304,2601,30-03-2023
70858,68,1914,20-11-2021
70859,64,1689,05-11-2022
70860,1273,1244,18-07-2020
70861,173,1797,30-07-2022
70862,1053,1553,13-01-2023
70863,1164,2353,01-05-2024
70864,146,1874,25-03-2021
70865,57,2413,01-08-2020
70866,604,2484,24-12-2023
70867,1005,2333,16-07-2021
70868,480,1129,09-10-2019
70869,898,1569,01-10-2022
70870,304,1905,05-02-2024
70871,524,2598,07-11-2020
70872,825,2254,03-02-2023
70873,1017,1212,22-04-2021
70874,1382,1226,01-09-2024
70875,579,1004,01-07-2019
70876,1440,2351,21-04-2022
70877,1016,1137,13-06-2021
70878,23,1381,01-11-2024
70879,599,1596,05-12-2020
70880,621,1773,12-05-2023
70881,448,1881,14-03-2020
70882,116,2222,29-08-2022
70883,647,1681,17-06-2023
70884,91,1375,05-01-2021
70885,90,2300,11-11-2019
70886,1137,1993,23-12-2022
70887,1245,1304,02-09-2023
70888,202,2201,10-06-2021
70889,451,2324,19-04-2024
70890,1234,1197,01-10-2020
70891,621,1877,07-08-2021
70892,1138,2419,11-03-2023
70893,1156,1492,30-12-2019
70894,1035,2583,08-01-2024
70895,1238,1930,26-03-2022
70896,232,2502,15-07-2023
70897,366,1606,06-06-2020
70898,603,1512,20-10-2024
70899,767,1970,29-11-2021
70900,288,1274,16-09-2022
70901,94,1617,21-12-2020
70902,1341,2388,04-05-2023
70903,182,1246,30-06-2024
70904,877,2468,05-08-2019
70905,1304,1679,19-01-2020
70906,263,1620,14-02-2021
70907,1440,2485,22-03-2024
70908,174,1375,26-10-2023
70909,314,2240,08-05-2022
70910,770,2597,03-08-2024
70911,463,2222,18-02-2022
70912,725,2599,30-05-2021
70913,1150,1452,12-09-2020
70914,720,1312,19-08-2023
70915,1346,2207,21-06-2022
70916,898,1517,25-09-2021
70917,1028,1916,11-06-2019
70918,1298,2379,08-02-2020
70919,568,1163,12-12-2024
70920,1137,2270,07-04-2023
70921,1344,2230,13-11-2022
70922,494,1280,02-12-2021
70923,1026,1341,27-07-2020
70924,632,1372,18-07-2022
70925,294,2588,01-01-2023
70926,1461,2268,26-05-2024
70927,1236,1595,09-09-2019
70928,1433,1831,15-10-2021
70929,48,2583,02-04-2020
70930,211,1648,06-11-2023
70931,32,1756,31-01-2022
70932,776,1839,13-07-2024
70933,296,1843,09-03-2021
70934,721,2251,20-08-2020
70935,28,2493,01-12-2023
70936,649,1195,03-07-2021
70937,1398,1750,17-10-2019
70938,476,2297,05-10-2022
70939,824,1092,11-02-2024
70940,1429,2496,15-11-2020
70941,313,2360,22-05-2020
70942,867,2442,27-02-2023
70943,823,1468,26-04-2021
70944,762,1920,07-09-2024
70945,1416,2580,23-07-2019
70946,24,1255,15-04-2022
70947,1018,1676,18-06-2021
70948,136,1705,25-11-2024
70949,292,2377,09-12-2020
70950,708,1721,01-06-2023
70951,735,1678,03-08-2022
70952,893,1795,29-08-2021
70953,160,1279,27-11-2019
70954,1168,1702,21-09-2023
70955,1251,2329,23-10-2020
70956,867,2263,10-12-2022
70957,723,2218,02-10-2021
70958,428,1931,30-06-2020
70959,753,1416,05-07-2023
70960,588,2328,19-01-2019
70961,133,1744,28-01-2024
70962,637,2562,01-03-2022
70963,1455,1785,21-12-2021
70964,1053,1406,09-03-2024
70965,1151,2421,10-10-2023
70966,277,1177,03-01-2020
70967,50,1498,30-05-2022
70968,313,1889,21-08-2024
70969,114,1503,01-05-2021
70970,25,1890,28-09-2020
70971,643,2513,06-08-2023
70972,426,1551,02-06-2022
70973,100,1041,10-09-2021
70974,1113,1379,21-02-2020
70975,856,1527,30-06-2019
70976,1083,1491,27-12-2024
70977,1189,2193,25-03-2023
70978,106,1675,05-11-2021
70979,451,2225,27-11-2022
70980,386,1030,12-07-2020
70981,771,1887,01-07-2022
70982,295,1391,19-01-2023
70983,1244,1529,09-05-2024
70984,1018,1225,27-02-2021
70985,358,2459,06-08-2020
70986,805,2540,18-12-2023
70987,675,1178,21-07-2021
70988,805,2574,01-10-2019
70989,1345,1427,22-10-2022
70990,1357,1765,26-02-2024
70991,265,1329,01-11-2020
70992,1014,1574,10-02-2023
70993,1255,2260,09-04-2021
70994,1009,2568,23-09-2024
70995,839,1507,07-07-2019
70996,1292,1818,29-04-2022
70997,737,1133,02-06-2021
70998,494,1134,08-11-2024
70999,779,2188,25-12-2020
71000,565,1357,17-05-2023
71001,1437,1814,14-03-2020
71002,813,1261,29-08-2022
71003,318,1826,17-06-2023
71004,1358,2320,05-01-2021
71005,500,1427,11-11-2019
71006,1462,1495,23-12-2022
71007,1087,1038,02-09-2023
71008,443,2526,10-06-2021
71009,554,2198,19-04-2024
71010,1429,1044,01-10-2020
71011,1021,1520,07-08-2021
71012,50,1084,11-03-2023
71013,1384,1145,30-12-2019
71014,1258,1268,08-01-2024
71015,727,1257,26-03-2022
71016,279,1419,15-07-2023
71017,263,2354,06-06-2020
71018,223,2353,20-10-2024
71019,711,1128,29-11-2021
71020,1333,2251,16-09-2022
71021,630,1334,21-12-2020
71022,477,2462,04-05-2023
71023,1316,1105,30-06-2024
71024,451,1510,05-08-2019
71025,1271,1472,19-01-2020
71026,816,1421,14-02-2021
71027,1193,1520,22-03-2024
71028,824,2405,26-10-2023
71029,313,2269,08-05-2022
71030,189,1279,03-08-2024
71031,644,1516,18-02-2022
71032,1130,1812,30-05-2021
71033,8,1234,12-09-2020
71034,427,2418,19-08-2023
71035,1340,1250,21-06-2022
71036,1128,1231,25-09-2021
71037,1006,1802,11-06-2019
71038,1132,2402,08-02-2020
71039,31,1139,12-12-2024
71040,621,2455,07-04-2023
71041,585,1353,13-11-2022
71042,835,2436,02-12-2021
71043,430,1669,27-07-2020
71044,25,2270,18-07-2022
71045,1122,2194,01-01-2023
71046,840,1409,26-05-2024
71047,1214,2596,09-09-2019
71048,1016,1942,15-10-2021
71049,479,1291,02-04-2020
71050,33,1546,06-11-2023
71051,1416,2463,31-01-2022
71052,1092,1421,13-07-2024
71053,1133,1949,09-03-2021
71054,824,1086,20-08-2020
71055,1315,1692,01-12-2023
71056,527,1779,03-07-2021
71057,1010,2321,17-10-2019
71058,551,1172,05-10-2022
71059,355,2331,11-02-2024
71060,754,1756,15-11-2020
71061,1262,1180,22-05-2020
71062,1220,1422,27-02-2023
71063,476,2429,26-04-2021
71064,325,2396,07-09-2024
71065,744,1443,23-07-2019
71066,1403,1837,15-04-2022
71067,1313,2373,18-06-2021
71068,28,1915,25-11-2024
71069,82,2508,09-12-2020
71070,585,1170,01-06-2023
71071,690,1254,03-08-2022
71072,1274,1982,29-08-2021
71073,378,2388,27-11-2019
71074,1427,1205,21-09-2023
71075,319,1302,23-10-2020
71076,1380,2382,10-12-2022
71077,848,1845,02-10-2021
71078,223,2363,30-06-2020
71079,1348,1720,05-07-2023
71080,816,1855,19-01-2019
71081,335,2376,28-01-2024
71082,708,1737,01-03-2022
71083,99,1830,21-12-2021
71084,1201,2268,09-03-2024
71085,1079,1601,10-10-2023
71086,682,1793,03-01-2020
71087,1144,1240,30-05-2022
71088,356,1481,21-08-2024
71089,1265,1482,01-05-2021
71090,150,1446,28-09-2020
71091,793,1734,06-08-2023
71092,491,1455,02-06-2022
71093,497,2472,10-09-2021
71094,786,1554,21-02-2020
71095,1310,1099,30-06-2019
71096,707,1552,27-12-2024
71097,647,1130,25-03-2023
71098,765,1344,05-11-2021
71099,635,2423,27-11-2022
71100,1060,2531,12-07-2020
71101,726,1501,01-07-2022
71102,401,1463,19-01-2023
71103,495,2328,09-05-2024
71104,608,1234,27-02-2021
71105,557,2176,06-08-2020
71106,864,1904,18-12-2023
71107,1006,2471,21-07-2021
71108,1333,1464,01-10-2019
71109,19,1737,22-10-2022
71110,240,1335,26-02-2024
71111,266,1765,01-11-2020
71112,1230,2418,10-02-2023
71113,191,1458,09-04-2021
71114,9,1269,23-09-2024
71115,265,1390,07-07-2019
71116,1437,1599,29-04-2022
71117,843,1758,02-06-2021
71118,416,1875,08-11-2024
71119,1065,2266,25-12-2020
71120,1452,2375,17-05-2023
71121,607,2429,17-08-2022
71122,1045,1074,14-08-2021
71123,424,2203,01-11-2019
71124,769,2274,09-09-2023
71125,700,2520,08-10-2020
71126,114,1246,25-11-2022
71127,475,2387,21-09-2021
71128,178,2180,16-06-2020
71129,281,2579,20-07-2023
71130,385,1256,03-02-2019
71131,701,1336,15-01-2024
71132,49,1275,13-03-2022
71133,1297,1501,07-12-2021
71134,342,2349,26-03-2024
71135,1431,2293,21-10-2023
71136,844,1121,17-01-2020
71137,1129,2463,15-06-2022
71138,1297,2504,09-08-2024
71139,237,1102,16-04-2021
71140,372,1983,14-09-2020
71141,863,2599,24-08-2023
71142,414,2362,27-06-2022
71143,47,2285,03-09-2021
71144,759,1078,03-02-2020
71145,397,1048,18-06-2019
71146,742,1822,18-12-2024
71147,617,1746,14-04-2023
71148,21,1095,29-10-2021
71149,279,2332,31-12-2022
71150,423,1514,01-07-2020
71151,552,1187,10-07-2022
71152,233,2593,06-01-2023
71153,1057,1224,18-05-2024
71154,28,1653,14-03-2021
71155,102,1490,13-08-2020
71156,303,1256,10-12-2023
71157,434,2492,10-07-2021
71158,760,1325,26-10-2019
71159,696,1047,12-10-2022
71160,151,1448,19-02-2024
71161,544,1159,23-11-2020
71162,1029,1025,19-02-2023
71163,13,2242,12-05-2021
71164,1456,1042,01-10-2024
71165,607,2394,19-07-2019
71166,552,1679,14-05-2022
71167,252,2248,26-06-2021
71168,446,1866,12-11-2024
71169,666,1559,17-12-2020
71170,1220,1599,29-05-2023
71171,711,2285,01-09-2022
71172,330,1227,21-08-2021
71173,1261,2174,15-11-2019
71174,779,1841,04-10-2023
71175,1277,1415,16-10-2020
71176,1157,1628,03-12-2022
71177,663,1373,16-09-2021
71178,1271,1269,23-06-2020
71179,209,2370,13-07-2023
71180,802,1488,11-03-2019
71181,204,1934,03-01-2024
71182,1220,1732,04-02-2022
71183,31,1614,28-12-2021
71184,1025,2277,12-04-2024
71185,512,2386,19-11-2023
71186,1201,1625,11-01-2020
71187,590,1842,09-06-2022
71188,1394,2535,17-09-2024
71189,669,2342,01-04-2021
71190,20,1615,02-09-2020
71191,116,1907,10-08-2023
71192,144,1967,24-07-2022
71193,260,2499,28-09-2021
71194,726,1404,15-02-2020
71195,723,1378,01-06-2019
71196,496,1223,03-12-2024
71197,210,2559,30-03-2023
71198,792,2368,20-11-2021
71199,128,1089,05-11-2022
71200,1415,1843,18-07-2020
71201,1275,1685,30-07-2022
71202,475,2537,13-01-2023
71203,359,1124,01-05-2024
71204,349,1864,25-03-2021
71205,454,1509,01-08-2020
71206,1384,1877,24-12-2023
71207,1322,2379,16-07-2021
71208,814,2543,09-10-2019
71209,1464,1151,01-10-2022
71210,135,2303,05-02-2024
71211,442,1323,07-11-2020
71212,336,1708,03-02-2023
71213,99,1810,22-04-2021
71214,500,1658,01-09-2024
71215,342,1080,01-07-2019
71216,384,1442,21-04-2022
71217,111,1859,13-06-2021
71218,810,1515,01-11-2024
71219,790,1702,05-12-2020
71220,803,1681,12-05-2023
71221,766,1400,14-03-2020
71222,331,1174,29-08-2022
71223,1279,1347,17-06-2023
71224,35,1421,05-01-2021
71225,1437,1747,11-11-2019
71226,1297,2329,23-12-2022
71227,147,2294,02-09-2023
71228,36,1714,10-06-2021
71229,1200,1030,19-04-2024
71230,574,1283,01-10-2020
71231,882,1053,07-08-2021
71232,41,1168,11-03-2023
71233,281,2377,30-12-2019
71234,170,2367,08-01-2024
71235,190,2181,26-03-2022
71236,367,2437,15-07-2023
71237,1365,2335,06-06-2020
71238,277,2381,20-10-2024
71239,666,1066,29-11-2021
71240,1457,1310,16-09-2022
71241,1439,1666,21-12-2020
71242,580,1396,04-05-2023
71243,259,1780,30-06-2024
71244,1027,1273,05-08-2019
71245,713,1783,19-01-2020
71246,123,2564,14-02-2021
71247,1112,2502,22-03-2024
71248,509,2309,26-10-2023
71249,86,1107,08-05-2022
71250,734,1413,03-08-2024
71251,882,2189,18-02-2022
71252,571,1793,30-05-2021
71253,153,1957,12-09-2020
71254,118,1235,19-08-2023
71255,418,1634,21-06-2022
71256,1395,2470,25-09-2021
71257,753,1744,11-06-2019
71258,229,2363,08-02-2020
71259,83,1886,12-12-2024
71260,569,1432,07-04-2023
71261,1078,1651,13-11-2022
71262,571,1283,02-12-2021
71263,1182,1647,27-07-2020
71264,1200,1702,18-07-2022
71265,322,1192,01-01-2023
71266,532,1535,26-05-2024
71267,1384,1271,09-09-2019
71268,467,1334,15-10-2021
71269,627,1732,02-04-2020
71270,270,2279,06-11-2023
71271,55,2400,31-01-2022
71272,34,2324,13-07-2024
71273,817,1131,09-03-2021
71274,393,1699,20-08-2020
71275,1128,1329,01-12-2023
71276,1288,1330,03-07-2021
71277,257,1150,17-10-2019
71278,1060,2221,05-10-2022
71279,698,1025,11-02-2024
71280,289,1667,15-11-2020
71281,578,1413,22-05-2020
71282,289,1831,27-02-2023
71283,1435,1720,26-04-2021
71284,79,1973,07-09-2024
71285,185,1652,23-07-2019
71286,458,1292,15-04-2022
71287,110,2435,18-06-2021
71288,129,2389,25-11-2024
71289,231,1906,09-12-2020
71290,108,1132,01-06-2023
71291,789,1500,03-08-2022
71292,386,1291,29-08-2021
71293,412,1758,27-11-2019
71294,889,1200,21-09-2023
71295,177,1150,23-10-2020
71296,1328,1835,10-12-2022
71297,1431,1557,02-10-2021
71298,1159,1459,30-06-2020
71299,205,1783,05-07-2023
71300,1212,2536,19-01-2019
71301,845,1807,28-01-2024
71302,1198,1861,01-03-2022
71303,109,2552,21-12-2021
71304,547,1579,09-03-2024
71305,796,2445,10-10-2023
71306,1340,1400,03-01-2020
71307,681,2513,30-05-2022
71308,108,1274,21-08-2024
71309,29,1627,01-05-2021
71310,814,2325,28-09-2020
71311,1126,2516,06-08-2023
71312,1180,1526,02-06-2022
71313,325,2210,10-09-2021
71314,168,2449,21-02-2020
71315,175,1368,30-06-2019
71316,1426,1894,27-12-2024
71317,1271,1346,25-03-2023
71318,899,1613,05-11-2021
71319,375,2311,27-11-2022
71320,1353,1045,12-07-2020
71321,608,2489,01-07-2022
71322,258,1100,19-01-2023
71323,390,1708,09-05-2024
71324,1405,2393,27-02-2021
71325,618,1121,06-08-2020
71326,1266,1526,18-12-2023
71327,807,2505,21-07-2021
71328,459,2215,01-10-2019
71329,805,1303,22-10-2022
71330,801,2366,26-02-2024
71331,1079,1051,01-11-2020
71332,317,2388,10-02-2023
71333,1176,2594,09-04-2021
71334,721,1946,23-09-2024
71335,145,1003,07-07-2019
71336,41,2235,29-04-2022
71337,701,1332,02-06-2021
71338,793,1280,08-11-2024
71339,1381,1975,25-12-2020
71340,8,2176,17-05-2023
71341,288,2319,17-08-2022
71342,37,1465,14-08-2021
71343,476,1457,01-11-2019
71344,779,2536,09-09-2023
71345,1316,2447,08-10-2020
71346,879,1397,25-11-2022
71347,215,1305,21-09-2021
71348,389,1987,16-06-2020
71349,1019,2435,20-07-2023
71350,810,1413,03-02-2019
71351,661,1996,15-01-2024
71352,827,1265,13-03-2022
71353,1205,1462,07-12-2021
71354,1333,2201,26-03-2024
71355,431,1711,21-10-2023
71356,566,2224,17-01-2020
71357,514,1685,15-06-2022
71358,247,2518,09-08-2024
71359,278,1079,16-04-2021
71360,387,1045,14-09-2020
71361,1440,2342,24-08-2023
71362,529,1010,27-06-2022
71363,475,1988,03-09-2021
71364,303,1579,03-02-2020
71365,174,2586,18-06-2019
71366,1060,1857,18-12-2024
71367,1354,1221,14-04-2023
71368,162,1206,29-10-2021
71369,381,2230,31-12-2022
71370,5,1524,01-07-2020
71371,152,2529,10-07-2022
71372,851,1185,06-01-2023
71373,444,1182,18-05-2024
71374,630,2179,14-03-2021
71375,847,1664,13-08-2020
71376,1450,1038,10-12-2023
71377,763,1052,10-07-2021
71378,639,1469,26-10-2019
71379,1161,1784,12-10-2022
71380,221,1655,19-02-2024
71381,237,1631,23-11-2020
71382,707,1544,19-02-2023
71383,1166,1435,12-05-2021
71384,821,1242,01-10-2024
71385,1003,1572,19-07-2019
71386,400,2387,14-05-2022
71387,1173,1439,26-06-2021
71388,35,2478,12-11-2024
71389,1390,1396,17-12-2020
71390,517,2322,29-05-2023
71391,863,2391,01-09-2022
71392,794,1415,21-08-2021
71393,356,1488,15-11-2019
71394,263,2360,04-10-2023
71395,1129,1382,16-10-2020
71396,1427,2352,03-12-2022
71397,42,1505,16-09-2021
71398,225,1817,23-06-2020
71399,875,1458,13-07-2023
71400,208,1068,11-03-2019
71401,813,1531,03-01-2024
71402,1214,1206,04-02-2022
71403,308,1589,28-12-2021
71404,585,1952,12-04-2024
71405,1044,1561,19-11-2023
71406,669,2172,11-01-2020
71407,768,1252,09-06-2022
71408,167,2307,17-09-2024
71409,1054,1124,01-04-2021
71410,1041,1018,02-09-2020
71411,171,1204,10-08-2023
71412,260,2590,24-07-2022
71413,789,1297,28-09-2021
71414,426,2369,15-02-2020
71415,676,1940,01-06-2019
71416,226,2532,03-12-2024
71417,439,1952,30-03-2023
71418,298,1294,20-11-2021
71419,1440,1455,05-11-2022
71420,1146,1096,18-07-2020
71421,824,1042,30-07-2022
71422,435,1899,13-01-2023
71423,702,1216,01-05-2024
71424,1279,2251,25-03-2021
71425,1326,1490,01-08-2020
71426,288,2545,24-12-2023
71427,133,2259,16-07-2021
71428,1189,2377,09-10-2019
71429,1075,1713,01-10-2022
71430,621,1518,05-02-2024
71431,1178,1843,07-11-2020
71432,367,2415,03-02-2023
71433,1086,1350,22-04-2021
71434,58,1632,01-09-2024
71435,244,1241,01-07-2019
71436,890,2164,21-04-2022
71437,1238,1405,13-06-2021
71438,1228,1962,01-11-2024
71439,143,1049,05-12-2020
71440,1118,1366,12-05-2023
71441,1319,2292,14-03-2020
71442,1100,1824,29-08-2022
71443,1269,1246,17-06-2023
71444,720,1857,05-01-2021
71445,561,1841,11-11-2019
71446,542,1441,23-12-2022
71447,619,1727,02-09-2023
71448,1191,1990,10-06-2021
71449,1357,2315,19-04-2024
71450,1290,1789,01-10-2020
71451,227,1147,07-08-2021
71452,400,1279,11-03-2023
71453,1462,1675,30-12-2019
71454,89,2367,08-01-2024
71455,230,1596,26-03-2022
71456,1178,1661,15-07-2023
71457,1338,1224,06-06-2020
71458,1262,1196,20-10-2024
71459,1287,2547,29-11-2021
71460,664,2422,16-09-2022
71461,1153,1923,21-12-2020
71462,1346,1736,04-05-2023
71463,6,1287,30-06-2024
71464,1180,1794,05-08-2019
71465,1244,1844,19-01-2020
71466,326,1259,14-02-2021
71467,1272,1397,22-03-2024
71468,464,2388,26-10-2023
71469,660,2486,08-05-2022
71470,879,1418,03-08-2024
71471,888,2515,18-02-2022
71472,490,1996,30-05-2021
71473,1276,1588,12-09-2020
71474,1194,2390,19-08-2023
71475,1101,2328,21-06-2022
71476,1314,1148,25-09-2021
71477,140,1369,11-06-2019
71478,169,2502,08-02-2020
71479,758,2576,12-12-2024
71480,725,1350,07-04-2023
71481,446,1981,13-11-2022
71482,35,2273,02-12-2021
71483,897,1350,27-07-2020
71484,40,1080,18-07-2022
71485,404,1568,01-01-2023
71486,355,1699,26-05-2024
71487,1130,1222,09-09-2019
71488,1352,1583,15-10-2021
71489,1336,1610,02-04-2020
71490,329,2171,06-11-2023
71491,236,1786,31-01-2022
71492,235,1657,13-07-2024
71493,222,1901,09-03-2021
71494,436,1428,20-08-2020
71495,1308,1038,01-12-2023
71496,1030,1220,03-07-2021
71497,1420,1879,17-10-2019
71498,866,1652,05-10-2022
71499,456,2471,11-02-2024
71500,1367,1286,15-11-2020
71501,733,1161,22-05-2020
71502,1391,2280,27-02-2023
71503,189,1840,26-04-2021
71504,189,1561,07-09-2024
71505,387,2514,23-07-2019
71506,802,2284,15-04-2022
71507,1033,1837,18-06-2021
71508,135,1965,25-11-2024
71509,768,2354,09-12-2020
71510,1066,1036,01-06-2023
71511,490,1643,03-08-2022
71512,1144,1412,29-08-2021
71513,57,2309,27-11-2019
71514,548,1376,21-09-2023
71515,709,1867,23-10-2020
71516,1394,2364,10-12-2022
71517,122,2425,02-10-2021
71518,1106,1514,30-06-2020
71519,507,1853,05-07-2023
71520,716,1735,19-01-2019
71521,1379,1119,28-01-2024
71522,244,1366,01-03-2022
71523,1282,1983,21-12-2021
71524,1359,1935,09-03-2024
71525,278,2208,10-10-2023
71526,23,1023,03-01-2020
71527,276,1166,30-05-2022
71528,353,1289,21-08-2024
71529,95,1825,01-05-2021
71530,847,1451,28-09-2020
71531,587,1506,06-08-2023
71532,452,2585,02-06-2022
71533,682,1467,10-09-2021
71534,36,1780,21-02-2020
71535,647,2571,30-06-2019
71536,312,1049,27-12-2024
71537,559,2356,25-03-2023
71538,349,1489,05-11-2021
71539,1198,1442,27-11-2022
71540,140,1647,12-07-2020
71541,813,1140,01-07-2022
71542,1,1974,19-01-2023
71543,1127,2557,09-05-2024
71544,1303,1869,27-02-2021
71545,1376,2522,06-08-2020
71546,645,1613,18-12-2023
71547,1387,1083,21-07-2021
71548,890,2556,01-10-2019
71549,1018,2368,22-10-2022
71550,1118,1692,26-02-2024
71551,886,2351,01-11-2020
71552,639,1388,10-02-2023
71553,491,1973,09-04-2021
71554,888,1640,23-09-2024
71555,1117,2390,07-07-2019
71556,896,1107,29-04-2022
71557,643,2318,02-06-2021
71558,264,1748,08-11-2024
71559,350,2423,25-12-2020
71560,1206,2307,17-05-2023
71561,1412,1145,17-08-2022
71562,468,1559,14-08-2021
71563,658,1877,01-11-2019
71564,475,2335,09-09-2023
71565,558,2452,08-10-2020
71566,527,2334,25-11-2022
71567,74,1095,21-09-2021
71568,1002,1990,16-06-2020
71569,1291,1367,20-07-2023
71570,1380,2546,03-02-2019
71571,1122,1869,15-01-2024
71572,31,1786,13-03-2022
71573,299,1978,07-12-2021
71574,1413,2336,26-03-2024
71575,134,2390,21-10-2023
71576,1401,1770,17-01-2020
71577,1303,1564,15-06-2022
71578,624,2397,09-08-2024
71579,596,1494,16-04-2021
71580,721,1865,14-09-2020
71581,1126,2588,24-08-2023
71582,1023,1054,27-06-2022
71583,246,2403,03-09-2021
71584,281,1764,03-02-2020
71585,605,1644,18-06-2019
71586,323,1940,18-12-2024
71587,882,1196,14-04-2023
71588,206,2588,29-10-2021
71589,18,1971,31-12-2022
71590,67,1518,01-07-2020
71591,7,2182,10-07-2022
71592,545,1386,06-01-2023
71593,889,2305,18-05-2024
71594,767,2318,14-03-2021
71595,1340,2174,13-08-2020
71596,1174,1610,10-12-2023
71597,1318,1113,10-07-2021
71598,242,2561,26-10-2019
71599,700,2266,12-10-2022
71600,323,2333,19-02-2024
71601,305,1261,23-11-2020
71602,1345,1191,19-02-2023
71603,1262,2518,12-05-2021
71604,721,2342,01-10-2024
71605,6,1519,19-07-2019
71606,136,1638,14-05-2022
71607,346,2166,26-06-2021
71608,1391,1241,12-11-2024
71609,786,1432,17-12-2020
71610,482,1628,29-05-2023
71611,1167,1954,01-09-2022
71612,1069,1777,21-08-2021
71613,706,2600,15-11-2019
71614,1185,1930,04-10-2023
71615,77,1810,16-10-2020
71616,349,1205,03-12-2022
71617,1101,1116,16-09-2021
71618,803,1002,23-06-2020
71619,820,1938,13-07-2023
71620,491,1609,11-03-2019
71621,1336,1679,03-01-2024
71622,406,1554,04-02-2022
71623,435,1896,28-12-2021
71624,1247,1423,12-04-2024
71625,840,1681,19-11-2023
71626,710,1387,11-01-2020
71627,876,2251,09-06-2022
71628,217,2170,17-09-2024
71629,303,1108,01-04-2021
71630,356,1487,02-09-2020
71631,103,1441,10-08-2023
71632,857,1135,24-07-2022
71633,1093,2509,28-09-2021
71634,468,2436,15-02-2020
71635,1370,2546,01-06-2019
71636,1446,1132,03-12-2024
71637,1464,2459,30-03-2023
71638,1294,1397,20-11-2021
71639,1042,2184,05-11-2022
71640,166,2521,18-07-2020
71641,1130,2482,30-07-2022
71642,94,1094,13-01-2023
71643,211,2184,01-05-2024
71644,626,1921,25-03-2021
71645,1078,1058,01-08-2020
71646,1279,,24-12-2023
71647,1401,1964,16-07-2021
71648,283,1214,09-10-2019
71649,295,1705,01-10-2022
71650,447,2270,05-02-2024
71651,1059,1621,07-11-2020
71652,1061,2191,03-02-2023
71653,405,1369,22-04-2021
71654,1182,2278,01-09-2024
71655,667,1720,01-07-2019
71656,1127,2468,21-04-2022
71657,563,1528,13-06-2021
71658,1381,2492,01-11-2024
71659,530,2162,05-12-2020
71660,328,1855,12-05-2023
71661,274,1764,14-03-2020
71662,1152,1768,29-08-2022
71663,536,1975,17-06-2023
71664,1175,1260,05-01-2021
71665,1443,1519,11-11-2019
71666,1074,1434,23-12-2022
71667,781,1037,02-09-2023
71668,435,1937,10-06-2021
71669,81,2565,19-04-2024
71670,1117,1020,01-10-2020
71671,629,1053,07-08-2021
71672,398,1737,11-03-2023
71673,758,2599,30-12-2019
71674,120,1050,08-01-2024
71675,870,1702,26-03-2022
71676,1282,2494,15-07-2023
71677,1399,2534,06-06-2020
71678,328,1688,20-10-2024
71679,390,1727,29-11-2021
71680,46,2566,16-09-2022
71681,545,1027,21-12-2020
71682,592,1800,04-05-2023
71683,1169,1469,30-06-2024
71684,29,2438,05-08-2019
71685,1130,1816,19-01-2020
71686,1130,1795,14-02-2021
71687,633,2507,22-03-2024
71688,1377,2577,26-10-2023
71689,637,1008,08-05-2022
71690,578,1928,03-08-2024
71691,1191,1518,18-02-2022
71692,142,1029,30-05-2021
71693,1162,1341,12-09-2020
71694,386,1723,19-08-2023
71695,1254,1896,21-06-2022
71696,1,1941,25-09-2021
71697,622,1500,11-06-2019
71698,528,2185,08-02-2020
71699,1229,1310,12-12-2024
71700,1436,1786,07-04-2023
71701,840,2348,13-11-2022
71702,1265,2523,02-12-2021
71703,1327,2579,27-07-2020
71704,323,2209,18-07-2022
71705,393,1226,01-01-2023
71706,1099,1878,26-05-2024
71707,126,2525,09-09-2019
71708,1119,1204,15-10-2021
71709,84,1878,02-04-2020
71710,1121,1519,06-11-2023
71711,822,2392,31-01-2022
71712,17,1879,13-07-2024
71713,1322,2534,09-03-2021
71714,1105,1806,20-08-2020
71715,31,1716,01-12-2023
71716,398,1657,03-07-2021
71717,250,2330,17-10-2019
71718,9,1208,05-10-2022
71719,203,1812,11-02-2024
71720,337,1398,15-11-2020
71721,1157,1369,22-05-2020
71722,259,1192,27-02-2023
71723,854,2321,26-04-2021
71724,650,1253,07-09-2024
71725,544,1783,23-07-2019
71726,42,2343,15-04-2022
71727,467,1125,18-06-2021
71728,550,1592,25-11-2024
71729,80,1334,09-12-2020
71730,761,2573,01-06-2023
71731,611,1110,03-08-2022
71732,657,1095,29-08-2021
71733,457,1501,27-11-2019
71734,1246,1931,21-09-2023
71735,662,2549,23-10-2020
71736,381,2177,10-12-2022
71737,1112,1428,02-10-2021
71738,701,1572,30-06-2020
71739,889,2403,05-07-2023
71740,878,2572,19-01-2019
71741,28,1256,28-01-2024
71742,1280,1238,01-03-2022
71743,481,1022,21-12-2021
71744,234,1938,09-03-2024
71745,241,2200,10-10-2023
71746,57,2416,03-01-2020
71747,1461,1357,30-05-2022
71748,553,1580,21-08-2024
71749,561,1755,01-05-2021
71750,214,1435,28-09-2020
71751,420,2341,06-08-2023
71752,1251,1336,02-06-2022
71753,560,1996,10-09-2021
71754,5,1499,21-02-2020
71755,627,2518,30-06-2019
71756,792,1056,27-12-2024
71757,1367,1632,25-03-2023
71758,331,2463,05-11-2021
71759,33,2164,27-11-2022
71760,509,2311,12-07-2020
71761,671,1032,01-07-2022
71762,1447,1474,19-01-2023
71763,1440,1447,09-05-2024
71764,1134,2207,27-02-2021
71765,1261,1298,06-08-2020
71766,221,2246,18-12-2023
71767,734,1955,21-07-2021
71768,220,1863,01-10-2019
71769,1173,1083,22-10-2022
71770,323,1682,26-02-2024
71771,169,1324,01-11-2020
71772,1320,1295,10-02-2023
71773,1208,1258,09-04-2021
71774,1282,1354,23-09-2024
71775,14,1297,07-07-2019
71776,184,1575,29-04-2022
71777,1023,2176,02-06-2021
71778,858,2199,08-11-2024
71779,1050,2465,25-12-2020
71780,836,2278,17-05-2023
71781,862,1409,17-08-2022
71782,275,1555,14-08-2021
71783,815,1009,01-11-2019
71784,347,1774,09-09-2023
71785,779,2168,08-10-2020
71786,1028,1671,25-11-2022
71787,627,1149,21-09-2021
71788,1401,2338,16-06-2020
71789,266,1119,20-07-2023
71790,1216,1457,03-02-2019
71791,1151,1389,15-01-2024
71792,1138,1474,13-03-2022
71793,1047,1268,07-12-2021
71794,180,2499,26-03-2024
71795,353,1247,21-10-2023
71796,1256,2481,17-01-2020
71797,1021,1526,15-06-2022
71798,771,1341,09-08-2024
71799,625,1991,16-04-2021
71800,1003,1266,14-09-2020
71801,553,1613,24-08-2023
71802,343,1686,27-06-2022
71803,1411,2599,03-09-2021
71804,1102,1174,03-02-2020
71805,887,2357,18-06-2019
71806,1166,2272,18-12-2024
71807,736,1328,14-04-2023
71808,1157,2568,29-10-2021
71809,738,1061,31-12-2022
71810,106,1879,01-07-2020
71811,27,2454,10-07-2022
71812,856,1047,06-01-2023
71813,1055,1552,18-05-2024
71814,1349,2600,14-03-2021
71815,96,2596,13-08-2020
71816,71,1898,10-12-2023
71817,691,2181,10-07-2021
71818,1041,1871,26-10-2019
71819,413,1015,12-10-2022
71820,296,1621,19-02-2024
71821,543,1568,23-11-2020
71822,831,1522,19-02-2023
71823,489,1728,12-05-2021
71824,711,2317,01-10-2024
71825,1258,2378,19-07-2019
71826,102,2164,14-05-2022
71827,425,1893,26-06-2021
71828,34,1780,12-11-2024
71829,513,1542,17-12-2020
71830,32,2532,29-05-2023
71831,868,2506,01-09-2022
71832,1062,1453,21-08-2021
71833,132,1375,15-11-2019
71834,1329,1547,04-10-2023
71835,1378,2381,16-10-2020
71836,1453,1783,03-12-2022
71837,403,1948,16-09-2021
71838,1105,2183,23-06-2020
71839,456,2345,13-07-2023
71840,1369,2529,11-03-2019
71841,247,1733,03-01-2024
71842,728,2542,04-02-2022
71843,463,1354,28-12-2021
71844,607,1016,12-04-2024
71845,758,2507,19-11-2023
71846,885,1330,11-01-2020
71847,1198,1979,09-06-2022
71848,392,1071,17-09-2024
71849,732,1790,01-04-2021
71850,1241,1804,02-09-2020
71851,358,1334,10-08-2023
71852,134,2525,24-07-2022
71853,64,2191,28-09-2021
71854,511,2216,15-02-2020
71855,782,2578,01-06-2019
71856,447,1724,03-12-2024
71857,1072,1060,30-03-2023
71858,276,1738,20-11-2021
71859,45,2600,05-11-2022
71860,1253,2221,18-07-2020
71861,474,1371,30-07-2022
71862,1367,2271,13-01-2023
71863,766,1499,01-05-2024
71864,1277,2538,25-03-2021
71865,1423,1014,01-08-2020
71866,234,1703,24-12-2023
71867,727,1058,16-07-2021
71868,106,2211,09-10-2019
71869,1399,2196,01-10-2022
71870,462,1895,05-02-2024
71871,1399,1814,07-11-2020
71872,1083,1944,03-02-2023
71873,1029,1617,22-04-2021
71874,131,1051,01-09-2024
71875,1119,1636,01-07-2019
71876,470,2396,21-04-2022
71877,1228,2472,13-06-2021
71878,1096,2165,01-11-2024
71879,157,1703,05-12-2020
71880,1158,1842,12-05-2023
71881,1188,1456,14-03-2020
71882,6,1726,29-08-2022
71883,722,1884,17-06-2023
71884,184,1729,05-01-2021
71885,1312,2475,11-11-2019
71886,532,1413,23-12-2022
71887,487,1037,02-09-2023
71888,872,1156,10-06-2021
71889,1351,1855,19-04-2024
71890,767,1169,01-10-2020
71891,1214,2174,07-08-2021
71892,682,2377,11-03-2023
71893,571,1656,30-12-2019
71894,1107,1268,08-01-2024
71895,1274,1972,26-03-2022
71896,628,1855,15-07-2023
71897,1342,1190,06-06-2020
71898,1352,1529,20-10-2024
71899,77,1309,29-11-2021
71900,590,1214,16-09-2022
71901,1143,1858,21-12-2020
71902,409,2291,04-05-2023
71903,317,2529,30-06-2024
71904,792,1611,05-08-2019
71905,1345,1832,19-01-2020
71906,113,1332,14-02-2021
71907,321,1784,22-03-2024
71908,201,2299,26-10-2023
71909,1377,2300,08-05-2022
71910,344,1783,03-08-2024
71911,565,1351,18-02-2022
71912,737,1163,30-05-2021
71913,609,2515,12-09-2020
71914,1343,1706,19-08-2023
71915,1013,1308,21-06-2022
71916,1427,1413,25-09-2021
71917,779,1700,11-06-2019
71918,719,1610,08-02-2020
71919,689,2409,12-12-2024
71920,1225,2506,07-04-2023
71921,193,1703,13-11-2022
71922,149,1453,02-12-2021
71923,1352,1448,27-07-2020
71924,168,1269,18-07-2022
71925,623,2545,01-01-2023
71926,1,1506,26-05-2024
71927,385,1104,09-09-2019
71928,1243,1745,15-10-2021
71929,1143,1410,02-04-2020
71930,192,1162,06-11-2023
71931,30,1502,31-01-2022
71932,891,2236,13-07-2024
71933,637,2550,09-03-2021
71934,12,1747,20-08-2020
71935,701,2209,01-12-2023
71936,433,2440,03-07-2021
71937,1116,1582,17-10-2019
71938,80,1640,05-10-2022
71939,785,1136,11-02-2024
71940,83,2404,15-11-2020
71941,500,1426,22-05-2020
71942,1066,1515,27-02-2023
71943,53,2572,26-04-2021
71944,652,1826,07-09-2024
71945,1398,2176,23-07-2019
71946,113,1946,15-04-2022
71947,1067,2589,18-06-2021
71948,82,2427,25-11-2024
71949,377,1459,09-12-2020
71950,1289,1289,01-06-2023
71951,185,1092,03-08-2022
71952,1208,1506,29-08-2021
71953,144,1472,27-11-2019
71954,1419,1558,21-09-2023
71955,86,1444,23-10-2020
71956,1397,2421,10-12-2022
71957,1144,2310,02-10-2021
71958,1164,1908,30-06-2020
71959,407,1220,05-07-2023
71960,266,1074,19-01-2019
71961,608,1153,28-01-2024
71962,832,1950,01-03-2022
71963,1063,1119,21-12-2021
71964,1108,1759,09-03-2024
71965,850,1883,10-10-2023
71966,1357,1548,03-01-2020
71967,71,2385,30-05-2022
71968,330,1306,21-08-2024
71969,515,2211,01-05-2021
71970,1164,1860,28-09-2020
71971,102,1706,06-08-2023
71972,1021,1189,02-06-2022
71973,683,2388,10-09-2021
71974,726,2415,21-02-2020
71975,450,1210,30-06-2019
71976,556,1174,27-12-2024
71977,674,1556,25-03-2023
71978,861,1257,05-11-2021
71979,1175,1175,27-11-2022
71980,132,1812,12-07-2020
71981,1186,1805,01-07-2022
71982,461,2462,19-01-2023
71983,1090,2233,09-05-2024
71984,1363,1975,27-02-2021
71985,329,1011,06-08-2020
71986,1062,2332,18-12-2023
71987,742,1554,21-07-2021
71988,1080,1873,01-10-2019
71989,1295,2310,22-10-2022
71990,1145,1660,26-02-2024
71991,74,2298,01-11-2020
71992,783,1517,10-02-2023
71993,402,1020,09-04-2021
71994,1410,2292,23-09-2024
71995,1165,1550,07-07-2019
71996,474,1561,29-04-2022
71997,386,1379,02-06-2021
71998,1142,1288,08-11-2024
71999,1198,1006,25-12-2020
72000,1114,2212,17-05-2023
