Delivery_Partner_id,Delivery_partner_name,phone_numnber
1001,Aman Joshi,9901234566
1002,Gaurav Verma,9871234512
1003,Sameer Rao,9876543723
1004,Neha Joshi,9876543344
1005,Priyanka Singh,9900990155
1006,Shweta Joshi,9988776555
1007,Ashwin Verma,9876543578
1008,Tanya Verma,9654321023
1009,Seema Joshi,9988001222
1010,Mohit Nair,9901234555
1011,Sandeep Joshi,9876543712
1012,Suraj Khanna,9812345623
1013,Dharmesh Patel,9876543789
1014,Parth Sharma,9876543901
1015,Uday Malhotra,9823456712
1016,Karishma Singh,9876543277
1017,Rajesh Rao,9901234544
1018,Vijay Nair,9876543723
1019,Ritu Verma,9765432095
1020,Mukta Verma,9988776522
1021,Suraj Singh,9654321078
1022,Neha Joshi,9876543834
1023,Bhavna Singh,9812345677
1024,Juhi Sinha,9901234544
1025,Rahul Desai,9812345644
1026,Suresh Malhotra,9765432091
1027,Rakesh Mehta,9901234588
1028,Neelam Menon,9876543233
1029,Suresh Iyer,9765123476
1030,Yogesh Rao,9900990111
1031,Manish Sharma,9988001188
1032,Manoj Reddy,9988001244
1033,Amitabh Kumar,9765432094
1034,Rina Rao,9876543801
1035,Deepali Joshi,9871234589
1036,Rashmi Sen,9812345645
1037,Bhavna Verma,9765123487
1038,Rekha Mehta,9988001255
1039,Raj Kumar,9876543712
1040,Akash Rao,9988001177
1041,Rakesh Mehta,9812345678
1042,Uday Malhotra,9901234511
1043,Ritu Verma,9876543210
1044,Divya Chatterjee,9876543201
1045,Karishma Verma,9871234512
1046,Ritu Singh,9812345690
1047,Priti Jain,9765432098
1048,Sameer Rao,9871234589
1049,Parth Rao,9876543789
1050,Rekha Rao,9901234599
1051,Mohit Nair,9988001166
1052,Yogesh Joshi,9988001244
1053,Neha Joshi,9654321021
1054,Sanjeev Kumar,9988001133
1055,Manish Verma,9876543756
1056,Priyanka Malhotra,9812345612
1057,Rekha Reddy,9900990133
1058,Manish Sharma,9988001244
1059,Namrata Sen,9900990111
1060,Meera Joshi,9871234512
1061,Ananya Singh,9988001244
1062,Alka Joshi,9812345644
1063,Rekha Rao,9876543222
1064,Kavita Nair,9988001211
1065,Sanjay Bhatt,9988776566
1066,Gaurav Verma,9812345690
1067,Kriti Joshi,9871234590
1068,Nandini Menon,9765123454
1069,Ajay Joshi,9876543690
1070,Amit Verma,9901234500
1071,Dhruv Sharma,9876543490
1072,Meena Rao,9900990177
1073,Neelam Kapoor,9876543578
1074,Amit Verma,9765123465
1075,Juhi Sinha,9812345660
1076,Tanya Rao,9900990111
1077,Ajay Verma,9901234577
1078,Suraj Khanna,9876543734
1079,Aman Rao,9876543467
1080,Uday Malhotra,9871234578
1081,Sanjeev Bhatt,9876543901
1082,Nidhi Sen,9900990100
1083,Nidhi Sen,9900990199
1084,Manish Sharma,9765123498
1085,Yogesh Patel,9876543222
1086,Yogesh Rao,9876543789
1087,Arjun Rao,9876543277
1088,Smriti Rao,9988776599
1089,Neetu Joshi,9900990144
1090,Harsha Joshi,9876543589
1091,Rekha Reddy,9876543801
1092,Neetu Singh,9765432096
1093,Manoj Reddy,9988001244
1094,Shilpa Joshi,9654321021
1095,Alka Patel,9901234577
1096,Kriti Verma,9900990200
1097,Neetu Singh,9654321089
1098,Juhi Singh,9654321063
1099,Kajal Gupta,9823456767
1100,Chandan Sharma,9812345612
1101,Arjun Singh,9988001199
1102,Vijay Rao,9876543399
1103,Prakash Iyer,9765123487
1104,Deepak Joshi,9876543556
1105,Sanjeev Bhatt,9812345689
1106,Aman Verma,9876543222
1107,Rakesh Mehta,9988776655
1108,Neelam Kapoor,9988001177
1109,Anu Gupta,9876543534
1110,Nidhi Singh,9823456790
1111,Sanjeev Kumar,9876543288
1112,Deepak Verma,9823456701
1113,Harsha Rao,9876543823
1114,Deepak Verma,9823456790
1115,Alka Joshi,9900990133
1116,Uday Desai,9765123498
1117,Priti Verma,9900990099
1118,Ajit Pillai,9823456789
1119,Tarun Verma,9876543901
1120,Ritu Joshi,9900990255
1121,Sejal Malhotra,9823456712
1122,Namrata Sen,9812345609
1123,Vinod Rao,9988776555
1124,Rahul Singh,9871234589
1125,Suraj Singh,9765432107
1126,Gaurav Agarwal,9876543333
1127,Anju Sen,9812345644
1128,Akash Rao,9812345655
1129,Swati Ghosh,9876543355
1130,Amitabh Verma,9871234523
1131,Namrata Pillai,9900990100
1132,Neelam Kapoor,9900990255
1133,Dharmesh Joshi,9988776622
1134,Suraj Sharma,9988001255
1135,Rina Joshi,9871234534
1136,Sneha Jain,9901234533
1137,Gaurav Agarwal,9823456778
1138,Dharmesh Singh,9812345600
1139,Anjali Joshi,9901234588
1140,Uday Malhotra,9901234567
1141,Harish Mehta,9871234590
1142,Ritu Joshi,9988776588
1143,Sanjay Verma,9765123498
1144,Nandini Rao,9901234522
1145,Rajesh Rao,9823456767
1146,Sandeep Mishra,9876543834
1147,Dhruv Kumar,9871234567
1148,Rekha Mehta,9823456767
1149,Sanjeev Joshi,9765123443
1150,Suraj Joshi,9654321021
1151,Harsha Rao,9988001144
1152,Amit Singh,9876543667
1153,Prakash Verma,9765432109
1154,Sejal Mehta,9812345622
1155,Rajiv Khanna,9812345634
1156,Priya Singh,9876543667
1157,Ajay Patel,9812345660
1158,Tarun Yadav,9654321045
1159,Aarti Gupta,9871234567
1160,Ananya Roy,9871234512
1161,Kavya Singh,9812345656
1162,Ritu Singh,9823456734
1163,Radhika Jain,9823456790
1164,Kriti Verma,9988776655
1165,Meera Joshi,9988001166
1166,Mukesh Yadav,9876543856
1167,Divya Bhatt,9765432101
1168,Anisha Das,9812345689
1169,Rohit Bhatia,9765432101
1170,Mukta Singh,9765432092
1171,Swati Ghosh,9812345656
1172,Sneha Rao,9812345670
1173,Deepak Joshi,9823456767
1174,Vinod Khanna,9876123456
1175,Harsha Kumar,9876543355
1176,Suresh Iyer,9988776644
1177,Anju Singh,9765123410
1178,Karan Mehta,9765123498
1179,Rajesh Sharma,9871234556
1180,Neha Joshi,9876543778
1181,Ananya Rao,9812345678
1182,Rohan Singh,9876543355
1183,Tanya Sharma,9876543578
1184,Riya Malhotra,9876543298
1185,Kavya Joshi,9765123454
1186,Smita Malhotra,9901234577
1187,Neelam Menon,9876543801
1188,Anita Rao,9876543567
1189,Anita Rao,9654321089
1190,Manish Verma,9876543623
1191,Rajiv Rao,9901234588
1192,Prakash Verma,9812345698
1193,Kriti Joshi,9812345644
1194,Neha Joshi,9876543745
1195,Nandini Rao,9812345601
1196,Anil Singh,9654321098
1197,Rekha Verma,9876543244
1198,Sonali Verma,9654321021
1199,Pradeep Sharma,9900990122
1200,Aman Rao,9988776644
1201,Kavita Rao,9876543445
1202,Ajay Patel,9876543388
1203,Sneha Jain,9765123443
1204,Deepali Joshi,9765123498
1205,Divya Bhatt,9871234512
1206,Reema Jain,9871234534
1207,Abhishek Kumar,9988776611
1208,Mohit Nair,9765432093
1209,Rajiv Khanna,9765432102
1210,Rina Joshi,9900990111
1211,Anil Rao,9876543244
1212,Nandini Rao,9876543789
1213,Raj Kumar,9988776555
1214,Kunal Singh,9823456790
1215,Rajesh Sharma,9765432095
1216,Rakesh Rao,9812345678
1217,Rajiv Khanna,9876543590
1218,Seema Joshi,9988776511
1219,Richa Singh,9871234501
1220,Seema Kapoor,9876543845
1221,Sonia Desai,9765432093
1222,Nidhi Joshi,9765432106
1223,Aarti Gupta,9765123410
1224,Tarun Yadav,9900990177
1225,Kavya Joshi,9765432101
1226,Manoj Reddy,9654321098
1227,Juhi Singh,9900990199
1228,Vinod Rao,9900990100
1229,Harsha Kumar,9876543723
1230,Parth Sharma,9765123410
1231,Ananya Rao,9871234590
1232,Nisha Rao,9765123498
1233,Neha Patel,9876543834
1234,Ramesh Sharma,9823456789
1235,Anju Sen,9876543333
1236,Sanjay Verma,9876543210
1237,Neha Verma,9765432094
1238,Priya Desai,9654321054
1239,Neha Rao,9654321034
1240,Sanjay Verma,9988776577
1241,Suresh Menon,9823456734
1242,Arvind Rao,9988776655
1243,Tanya Joshi,9823456756
1244,Poonam Jain,9823456745
1245,Ritu Joshi,9876543212
1246,Rekha Verma,9812345689
1247,Meera Joshi,9765432105
1248,Richa Joshi,9900990133
1249,Rekha Verma,9900990222
1250,Neha Joshi,9823456734
1251,Ajit Verma,9876543401
1252,Rohan Singh,9812345645
1253,Ajit Verma,9988001244
1254,Sameer Rao,9901234567
1255,Smriti Singh,9765432092
1256,Harsha Kumar,9876543490
1257,Karishma Rao,9823456756
1258,Priti Verma,9900990099
1259,Yogesh Rao,9765432104
1260,Kavita Malhotra,9900990188
1261,Aman Verma,9901234588
1262,Kriti Joshi,9988776644
1263,Priya Singh,9876543456
1264,Nidhi Joshi,9876543867
1265,Ramesh Sharma,9876543712
1266,Sanjay Verma,9900990244
1267,Ajit Pillai,9988776600
1268,Alka Joshi,9900990199
1269,Suraj Joshi,9988001211
1270,Vinod Khanna,9765123476
1271,Gaurav Verma,9876543366
1272,Abhishek Sharma,9901234533
1273,Tanya Rao,9871234567
1274,Richa Mehta,9876543723
1275,Smita Rao,9765123465
1276,Akash Rao,9900990144
1277,Amit Joshi,9765123498
1278,Ajay Khanna,9823456767
1279,Rina Singh,9876543734
1280,Sonia Desai,9901234599
1281,Nisha Kumar,9654321054
1282,Kriti Verma,9900990144
1283,Nidhi Joshi,9900990100
1284,Suraj Sharma,9765432091
1285,Arjun Rao,9876543790
1286,Priya Singh,9876543612
1287,Deepak Verma,9765123443
1288,Radhika Jain,9876543478
1289,Rajiv Khanna,9812345634
1290,Priti Verma,9871234567
1291,Shilpa Verma,9871234501
1292,Reema Singh,9876543778
1293,Kriti Joshi,9823456790
1294,Raj Kumar,9654321043
1295,Nisha Joshi,9988001122
1296,Bhavna Singh,9654321045
1297,Vinod Khanna,9765432107
1298,Mukesh Yadav,9988776544
1299,Sonali Singh,9765123432
1300,Amar Khanna,9900990233
1301,Vijay Rao,9901234544
1302,Arjun Rao,9988001200
1303,Priya Singh,9871234545
1304,Rina Ghosh,9900990244
1305,Prakash Sharma,9654321090
1306,Kajal Sen,9900990177
1307,Rekha Verma,9876543789
1308,Richa Verma,9765432099
1309,Smriti Singh,9876543623
1310,Arvind Nair,9988001211
1311,Rohit Sharma,9876543523
1312,Rajiv Khanna,9876543299
1313,Ananya Rao,9900990133
1314,Ritu Sen,9812345633
1315,Suresh Menon,9900990122
1316,Amitabh Kumar,9765432106
1317,Poonam Roy,9812345678
1318,Ajit Rao,9988001122
1319,Anju Singh,9654321034
1320,Sonali Verma,9871234589
1321,Rekha Rao,9812345610
1322,Sonali Singh,9901234500
1323,Nidhi Sen,9765123443
1324,Ashok Kumar,9900990233
1325,Nandini Menon,9765432102
1326,Ritu Verma,9876543834
1327,Rekha Reddy,9654321034
1328,Mohit Sharma,9876543222
1329,Shruti Singh,9901234511
1330,Girish Joshi,9876543366
1331,Aarti Gupta,9900990233
1332,Tarun Joshi,9876543678
1333,Amitabh Kumar,9876543300
1334,Amitabh Kumar,9876543434
1335,Mohit Nair,9876543512
1336,Priti Jain,9812345633
1337,Nidhi Sen,9900990211
1338,Mukesh Joshi,9876543467
1339,Namrata Pillai,9823456789
1340,Ashok Kumar,9871234589
1341,Tanya Sharma,9812345690
1342,Amitabh Kumar,9812345689
1343,Aman Rao,9876543845
1344,Sanjeev Mehta,9876543333
1345,Parth Verma,9876543244
1346,Rahul Verma,9876543823
1347,Sanjeev Joshi,9823456767
1348,Ritu Joshi,9900990122
1349,Nisha Ghosh,9900990211
1350,Rekha Verma,9765123498
1351,Rekha Verma,9823456712
1352,Priti Singh,9901234599
1353,Arjun Singh,9901234522
1354,Meena Singh,9988776655
1355,Kavya Singh,9812345655
1356,Deepali Singh,9901234566
1357,Kunal Singh,9988001288
1358,Naina Joshi,9654321021
1359,Priti Singh,9871234501
1360,Sonali Verma,9988001155
1361,Tarun Yadav,9871234523
1362,Kiran Patel,9988776500
1363,Anju Singh,9988776511
1364,Aman Verma,9654321045
1365,Meera Das,9654321067
1366,Sejal Mehta,9876543745
1367,Kriti Verma,9988776644
1368,Dinesh Singh,9876543589
1369,Sonia Desai,9871234523
1370,Meera Joshi,9876543344
1371,Sanjay Verma,9823456789
1372,Smita Rao,9988776599
1373,Deepak Joshi,9812345633
1374,Tarun Yadav,9823456790
1375,Uday Verma,9876543445
1376,Manish Pillai,9876543745
1377,Dinesh Joshi,9988776633
1378,Yogesh Rao,9654321098
1379,Seema Joshi,9812345667
1380,Ritu Joshi,9812345644
1381,Smita Rao,9988776644
1382,Suraj Joshi,9876543255
1383,Sejal Mehta,9765123432
1384,Neha Joshi,9765432107
1385,Ashwin Kumar,9823456712
1386,Manish Verma,9823456701
1387,Pooja Singh,9765432092
1388,Prakash Sharma,9765432108
1389,Uday Desai,9900990277
1390,Kavya Rao,9812345610
1391,Anita Rao,9765123409
1392,Juhi Singh,9876543377
1393,Rina Rao,9988001277
1394,Geeta Reddy,9812345667
1395,Sameer Malhotra,9876543401
1396,Parth Verma,9988001266
1397,Poonam Jain,9988776655
1398,Vijay Rao,9876543478
1399,Rakesh Joshi,9812345689
1400,Naina Joshi,9765123465
1401,Karan Mehta,9765432104
1402,Vijay Nair,9876543756
1403,Anil Rao,9876543288
1404,Neetu Singh,9988776555
1405,Sandeep Mishra,9812345645
1406,Uday Verma,9900990144
1407,Parth Singh,9901234588
1408,Harsha Joshi,9876543490
1409,Neha Joshi,9765432100
1410,Abhishek Sharma,9812345689
1411,Ajit Rao,9876543298
1412,Seema Malhotra,9988001288
1413,Deepali Joshi,9988776622
1414,Suman Malhotra,9876543355
1415,Rashmi Sen,9812345690
1416,Ajit Rao,9876543478
1417,Shilpa Verma,9876543856
1418,Nandini Rao,9900990133
1419,Kunal Verma,9988001177
1420,Naina Verma,9988776511
1421,Juhi Malhotra,9823456756
1422,Ritu Singh,9654321089
1423,Kavita Nair,9812345611
1424,Nidhi Sen,9823456789
1425,Ritu Verma,9988001277
1426,Suresh Iyer,9812345689
1427,Tanya Rao,9988001199
1428,Sejal Desai,9654321001
1429,Dhruv Verma,9876543589
1430,Namrata Pillai,9988776488
1431,Dharmesh Patel,9765432091
1432,Rakesh Rao,9876543601
1433,Harsha Verma,9654321089
1434,Sandeep Joshi,9765123410
1435,Sameer Das,9812345622
1436,Yogesh Rao,9988001222
1437,Deepak Verma,9876543523
1438,Uday Verma,9654321054
1439,Vinod Rao,9876543712
1440,Ritu Verma,9765123432
1441,Aman Rao,9988776499
1442,Prakash Verma,9988776533
1443,Suraj Joshi,9901234566
1444,Anju Singh,9765432108
1445,Arjun Rao,9871234512
1446,Anita Malhotra,9900990144
1447,Mukta Rao,9812345601
1448,Tarun Yadav,9812345633
1449,Dinesh Joshi,9765123443
1450,Ajay Patel,9900990155
1451,Prakash Verma,9901234511
1452,Priyanka Malhotra,9871234590
1453,Shilpa Verma,9765432100
1454,Rahul Desai,9876543590
1455,Neha Patel,9876543399
1456,Sonali Rao,9876543790
1457,Gaurav Agarwal,9871234589
1458,Ajit Rao,9812345690
1459,Priti Verma,9765432097
1460,Ajit Joshi,9901234511
1461,Nisha Rao,9876543355
1462,Vijay Rao,9876543501
1463,Sonia Desai,9900990144
1464,Ajit Pillai,9876543388
1465,Amit Joshi,9876543767
1466,Shweta Joshi,9876543401
1467,Kiran Singh,9876543590
1468,Manish Sharma,9812345623
1469,Rakesh Rao,9765123443
1470,Priti Verma,9823456789
1471,Smita Malhotra,9876543388
1472,Sandeep Joshi,9900990133
1473,Kiran Rao,9876543478
1474,Nandini Menon,9876543322
1475,Namrata Sen,9654321023
1476,Dharmesh Patel,9876543534
1477,Suraj Singh,9654321089
1478,Meera Joshi,9812345667
1479,Aman Joshi,9988776633
1480,Tarun Verma,9812345634
1481,Gaurav Verma,9900990099
1482,Anju Singh,9876543556
1483,Sandeep Mishra,9876543423
1484,Kriti Verma,9876543333
1485,Rohan Singh,9876543344
1486,Tarun Joshi,9654321078
1487,Rashmi Sen,9900990211
1488,Manish Pillai,9812345633
1489,Swati Ghosh,9876543789
1490,Anita Malhotra,9900990200
1491,Suraj Khanna,9812345667
1492,Shruti Singh,9988001122
1493,Ajay Verma,9901234522
1494,Richa Joshi,9900990177
1495,Ananya Rao,9901234577
1496,Amit Verma,9823456745
1497,Rina Ghosh,9765432094
1498,Sanjeev Kumar,9765432094
1499,Anu Gupta,9901234555
1500,Karishma Verma,9876543501
1500,Kiran Patel,9901234599
1501,Akash Rao,9876543456
1502,Rekha Malhotra,9876543355
1503,Ashok Kumar,9900990166
1504,Suman Singh,9876543612
1505,Ajit Joshi,9871234578
1506,Sameer Malhotra,9765123476
1507,Nidhi Sen,9765123498
1508,Kunal Agarwal,9765432103
1509,Ananya Singh,9871234590
1510,Richa Singh,9765432106
1511,Rajiv Rao,9765432096
1512,Priyanka Malhotra,9876543512
1513,Ashwin Menon,9876543377
1514,Anita Rao,9876543712
1515,Reema Singh,9823456789
1516,Richa Joshi,9988776600
1517,Sneha Kapoor,9876543434
1518,Amit Singh,9988001299
1519,Sonali Rao,9900990255
1520,Meera Joshi,9654321023
1521,Dhruv Verma,9876543867
1522,Dinesh Singh,9901234522
1523,Priya Desai,9876543277
1524,Naina Verma,9871234589
1525,Prakash Sharma,9876543889
1526,Rina Joshi,9871234523
1527,Poonam Roy,9876543344
1528,Rina Rao,9812345622
1529,Kiran Patel,9823456734
1530,Rina Joshi,9812345667
1531,Nisha Kumar,9812345677
1532,Arvind Rao,9876543867
1533,Abhishek Kumar,9765432105
1534,Rakesh Mehta,9876543756
1535,Tanya Rao,9900990133
1536,Seema Kapoor,9876543689
1537,Neha Verma,9988776622
1538,Dhruv Sharma,9871234567
1539,Rina Verma,9988776600
1540,Ritu Joshi,9876543445
1541,Shreya Nair,9123456789
1542,Neha Patel,9900990200
1543,Deepali Joshi,9654321078
1544,Prakash Sharma,9812345634
1545,Rina Rao,9654321023
1546,Rohit Bhatia,9901234500
1547,Pooja Singh,9871234545
1548,Tarun Yadav,9876543790
1549,Manish Joshi,9876543210
1550,Bhavna Verma,9812345667
1551,Sanjay Pillai,9765123432
1552,Kavya Rao,9901234566
1553,Rekha Verma,9654321012
1554,Parth Singh,9765432096
1555,Juhi Malhotra,9900990244
1556,Ramesh Sharma,9765123454
1557,Nisha Ghosh,9765432104
1558,Rohit Sharma,9823456789
1559,Sanjay Verma,9871234501
1560,Abhishek Sharma,9988776555
1561,Rahul Singh,9876543288
1562,Kriti Joshi,9901234588
1563,Rakesh Mehta,9876543298
1564,Nidhi Joshi,9765432099
1565,Rohit Sharma,9876543667
1566,Rekha Reddy,9901234588
1567,Yogesh Joshi,9871234501
1568,Vijay Nair,9988776588
1569,Suman Malhotra,9654321078
1570,Raj Kumar,9812345667
1571,Gaurav Agarwal,9765123476
1572,Sejal Rao,9876543355
1573,Rakesh Joshi,9812345634
1574,Ramesh Singh,9900990266
1575,Kriti Joshi,9765432109
1576,Harish Mehta,9765123454
1577,Amitabh Kumar,9765432100
1578,Neelam Menon,9988776544
1579,Rohit Sharma,9765432106
1580,Sanjay Verma,9876543222
1581,Juhi Malhotra,9765123409
1582,Neetu Joshi,9876543623
1583,Prakash Verma,9901234522
1584,Mukta Verma,9876543212
1585,Vinod Rao,9876543823
1586,Tarun Verma,9876543388
1587,Nisha Rao,9876543578
1588,Ananya Rao,9988776499
1589,Ajit Pillai,9765123421
1590,Rekha Rao,9812345634
1591,Rajesh Sharma,9823456789
1592,Seema Joshi,9988001122
1593,Ajay Khanna,9876543656
1594,Ajay Joshi,9876543623
1595,Yogesh Singh,9765432099
1596,Rahul Verma,9876543634
1597,Mukesh Joshi,9812345611
1598,Smriti Rao,9988776655
1599,Meera Joshi,9765123410
1600,Sameer Rao,9876543412
1601,Kunal Singh,9812345623
1602,Abhishek Kumar,9654321098
1603,Siddharth Bhatt,9654321063
1604,Tarun Joshi,9901234599
1605,Parth Verma,9876543311
1606,Neetu Singh,9812345600
1607,Neetu Singh,9988001288
1608,Ajit Verma,9765432097
1609,Reema Singh,9876543434
1610,Vijay Nair,9823456712
1611,Priti Joshi,9871234567
1612,Richa Joshi,9812345677
1613,Parth Rao,9876543590
1614,Ajit Pillai,9988776488
1615,Ajit Joshi,9654321063
1616,Kavya Rao,9900990200
1617,Bhavna Nair,9876543412
1618,Anju Singh,9871234501
1619,Girish Joshi,9765123410
1620,Lata Joshi,9900990122
1621,Anju Sen,9871234567
1622,Parth Singh,9823456734
1623,Naina Joshi,9900990166
1624,Ashwin Menon,9654321012
1625,Richa Mehta,9812345678
1626,Manish Sharma,9654321021
1627,Mukesh Joshi,9765123432
1628,Richa Mehta,9876543534
1629,Priyanka Malhotra,9876543501
1630,Amit Singh,9765432103
1631,Smriti Kumar,9901234500
1632,Ananya Rao,9988776611
1633,Vijay Kumar,9876543201
1634,Yogesh Singh,9901234533
1635,Sandeep Joshi,9871234523
1636,Nidhi Singh,9812345600
1637,Ajit Verma,9823456778
1638,Sanjay Verma,9812345690
1639,Uday Verma,9765432104
1640,Amar Khanna,9823456712
1641,Uday Desai,9654321034
1642,Girish Pillai,9871234567
1643,Bhavna Singh,9812345644
1644,Yogesh Patel,9812345689
1645,Shreya Nair,9654321023
1646,Dinesh Joshi,9901234599
1647,Manish Sharma,9765123421
1648,Neetu Desai,9876543434
1649,Suraj Khanna,9988776522
1650,Meera Joshi,9900990111
1651,Rakesh Rao,9765123410
1652,Yogesh Patel,9765123487
1653,Arvind Nair,9765123443
1654,Neetu Saxena,9812345678
1655,Alka Patel,9876543311
1656,Ritu Sen,9901234522
1657,Priya Singh,9876543578
1658,Bhavna Rao,9765432102
1659,Juhi Malhotra,9654321043
1660,Rina Joshi,9812345655
1661,Sanjeev Mehta,9765123498
1662,Nisha Joshi,9988776500
1663,Mukta Rao,9876543298
1664,Rajiv Rao,9654321001
1665,Sanjay Verma,9876543601
1666,Poonam Jain,9900990244
1667,Kshitij Sharma,9812345610
1668,Bhavna Singh,9812345645
1669,Neetu Singh,9988776655
1670,Kavya Rao,9988776622
1671,Mohit Joshi,9876543712
1672,Poonam Joshi,9654321063
1673,Vinod Khanna,9901234522
1674,Mukta Singh,9871234578
1675,Ajay Joshi,9988776555
1676,Neha Joshi,9876543288
1677,Neetu Saxena,9901234577
1678,Dhruv Verma,9876543266
1679,Richa Verma,9812345690
1680,Shruti Ghosh,9876543423
1681,Sanjeev Bhatt,9876543244
1682,Mukta Rao,9876543233
1683,Harsha Joshi,9988001299
1684,Juhi Sinha,9900990166
1685,Shweta Mehta,9901234588
1686,Reema Verma,9765123432
1687,Prakash Verma,9876543434
1688,Nidhi Pillai,9823456790
1689,Smriti Rao,9812345655
1690,Dhruv Verma,9654321089
1691,Tarun Joshi,9765432108
1692,Kajal Gupta,9900990255
1693,Vijay Rao,9812345656
1694,Sandeep Mishra,9871234556
1695,Neha Rao,9765432108
1696,Rahul Desai,9901234567
1697,Rajiv Rao,9812345622
1698,Tarun Verma,9654321098
1699,Ritu Joshi,9812345677
1700,Ritu Joshi,9812345610
1701,Bhavna Singh,9988001244
1702,Meera Joshi,9900990099
1703,Ritu Joshi,9876543401
1704,Rajiv Rao,9900990199
1705,Dinesh Joshi,9876543490
1706,Rajiv Kumar,9823456745
1707,Rina Singh,9988776611
1708,Anil Kumar,9823456767
1709,Sonia Desai,9823456778
1710,Meera Joshi,9988001211
1711,Radhika Jain,9823456789
1712,Siddharth Pillai,9823456701
1713,Anju Singh,9988776522
1714,Gaurav Verma,9871234512
1715,Manish Sharma,9988776600
1716,Neelam Kapoor,9812345660
1717,Ramesh Rao,9988001233
1718,Parth Singh,9765123432
1719,Nidhi Singh,9765123476
1720,Rajesh Sharma,9654321032
1721,Dharmesh Patel,9988001155
1722,Suraj Khanna,9765123432
1723,Ananya Singh,9812345644
1724,Neha Patel,9876543656
1725,Harsha Joshi,9823456756
1726,Ramesh Singh,9871234589
1727,Suman Malhotra,9871234501
1728,Sonali Verma,9823456723
1729,Meena Rao,9876543255
1730,Abhishek Kumar,9765123421
1731,Deepak Joshi,9901234500
1732,Neha Rao,9812345660
1733,Harsha Rao,9823456778
1734,Rakesh Mehta,9901234522
1735,Vikas Sharma,9988001133
1736,Shreya Nair,9823456723
1737,Aarti Gupta,9988001155
1738,Asha Pillai,9812345698
1739,Ritu Singh,9765432095
1740,Smriti Singh,9876543712
1741,Deepak Verma,9823456712
1742,Ajit Verma,9988776655
1743,Dharmesh Patel,9876543801
1744,Arvind Rao,9871234567
1745,Deepak Dâ€™Souza,9900990166
1746,Sameer Rao,9900990111
1747,Amit Singh,9812345600
1748,Karishma Singh,9876543701
1749,Mukesh Joshi,9876543678
1750,Sejal Malhotra,9812345677
1751,Mohit Sharma,9812345667
1752,Kavya Singh,9900990133
1753,Ritu Rao,9876543222
1754,Deepak Dâ€™Souza,9901234599
1755,Neetu Desai,9871234567
1756,Reema Singh,9765432091
1757,Yogesh Rao,9812345666
1758,Ashok Kumar,9900990155
1759,Kriti Verma,9765432099
1760,Neha Patel,9876543689
1761,Anita Rao,9812345644
1762,Naina Joshi,9876543299
1763,Neelam Joshi,9765123465
1764,Poonam Roy,9871234589
1765,Chandan Sharma,9876543322
1766,Sejal Rao,9812345690
1767,Smriti Kumar,9988001211
1768,Manish Verma,9812345667
1769,Siddharth Bhatt,9812345633
1770,Yogesh Rao,9765432098
1771,Suraj Khanna,9988001233
1772,Ashwin Kumar,9812345645
1773,Poonam Joshi,9871234512
1774,Rajiv Kumar,9812345644
1775,Vivek Rao,9765123498
1776,Parth Sharma,9765123454
1777,Namrata Pillai,9812345677
1778,Prakash Sharma,9876543890
1779,Kriti Joshi,9654321098
1780,Rakesh Mehta,9900990099
1781,Smriti Kumar,9765123443
1782,Girish Joshi,9823456789
1783,Amit Verma,9812345623
1784,Neetu Desai,9988776544
1785,Tarika Rao,9765432093
1786,Sonali Rao,9823456778
1787,Aman Rao,9654321012
1788,Neetu Singh,9901234511
1789,Ananya Rao,9900990222
1790,Aryan Sharma,9901234555
1791,Juhi Malhotra,9901234533
1792,Kavya Singh,9765123421
1793,Kavita Nair,9876543277
1794,Nidhi Sen,9988001277
1795,Rohan Singh,9876543689
1796,Sandeep Joshi,9988001155
1797,Sneha Jain,9988001255
1798,Rekha Rao,9871234501
1799,Ritu Singh,9988776544
1800,Poonam Jain,9765123498
1801,Priyanka Singh,9988001299
1802,Rahul Verma,9988776600
1803,Smriti Kumar,9871234501
1804,Dhruv Verma,9654321063
1805,Dharmesh Patel,9988776644
1806,Parth Rao,9876543288
1807,Shweta Mehta,9876543311
1808,Sejal Mehta,9812345623
1809,Ritu Joshi,9988776599
1810,Tarun Joshi,9900990266
1811,Manish Sharma,9654321010
1812,Dinesh Singh,9823456712
1813,Ritu Singh,9765123498
1814,Aman Verma,9876543545
1815,Sameer Das,9900990155
1816,Aman Rao,9876543377
1817,Ashok Kumar,9876543534
1818,Vinod Rao,9988001155
1819,Ananya Singh,9988001144
1820,Arvind Rao,9812345689
1821,Shweta Verma,9812345667
1822,Seema Joshi,9900990177
1823,Ashwin Kumar,9876543712
1824,Kriti Joshi,9876543277
1825,Nisha Rao,9901234544
1826,Rakesh Joshi,9876543756
1827,Rina Rao,9876543355
1828,Mukesh Joshi,9654321034
1829,Neelam Menon,9654321067
1830,Ajit Pillai,9765432091
1831,Prakash Sharma,9765432106
1832,Vijay Nair,9876543266
1833,Girish Pillai,9876543712
1834,Yogesh Rao,9823456745
1835,Parth Sharma,9871234501
1836,Akash Rao,9988776588
1837,Meera Joshi,9988001299
1838,Kiran Rao,9823456756
1839,Sanjay Pillai,9654321012
1840,Parth Sharma,9871234578
1841,Sonali Rao,9871234567
1842,Ajit Rao,9765432101
1843,Aman Verma,9876543812
1844,Deepak Verma,9654321072
1845,Vijay Nair,9765432102
1846,Sameer Malhotra,9765432109
1847,Parth Sharma,9876543266
1848,Manish Joshi,9654321098
1849,Naina Joshi,9876543344
1850,Aarti Gupta,9876543789
1851,Poonam Roy,9876543689
1852,Kajal Gupta,9765432094
1853,Sanjeev Mehta,9871234545
1854,Aman Joshi,9871234523
1855,Meena Rao,9988001177
1856,Ramesh Rao,9765123498
1857,Ajay Khanna,9900990177
1858,Geeta Reddy,9765432103
1859,Rahul Desai,9871234512
1860,Rina Verma,9812345666
1861,Poonam Jain,9812345645
1862,Anil Patel,9765123454
1863,Neelam Joshi,9900990255
1864,Ritu Joshi,9812345655
1865,Neha Patel,9988776599
1866,Sameer Das,9876543867
1867,Sandeep Joshi,9900990266
1868,Bhavna Singh,9876543667
1869,Pooja Malhotra,9988776599
1870,Sanjay Singh,9876543322
1871,Raj Kumar,9765432102
1872,Ananya Singh,9871234501
1873,Kavita Nair,9901234588
1874,Suraj Khanna,9988776655
1875,Ashok Singh,9823456789
1876,Nisha Ghosh,9812345678
1877,Priti Singh,9812345622
1878,Deepak Joshi,9876543578
1879,Ritu Sen,9876543578
1880,Reema Singh,9876543812
1881,Mohit Joshi,9988776633
1882,Prakash Iyer,9823456778
1883,Nidhi Sen,9812345623
1884,Uday Malhotra,9765123421
1885,Karishma Joshi,9812345623
1886,Dhruv Verma,9876543678
1887,Alka Patel,9876543634
1888,Neetu Singh,9988001144
1889,Aman Joshi,9765123443
1890,Nisha Kumar,9812345689
1891,Yogesh Singh,9988001144
1892,Tanya Joshi,9876543845
1893,Nisha Kumar,9876543388
1894,Ajay Joshi,9765432092
1895,Priyanka Singh,9988001144
1896,Gaurav Agarwal,9812345622
1897,Karishma Rao,9871234501
1898,Nandini Rao,9812345622
1899,Sneha Jain,9871234501
1900,Dharmesh Singh,9654321090
1901,Rajesh Sharma,9876543723
1902,Pooja Singh,9901234533
1903,Yogesh Rao,9876543423
1904,Priya Desai,9765432108
1905,Neelam Kapoor,9900990277
1906,Raj Kumar,9900990211
1907,Priti Singh,9988776511
1908,Vijay Rao,9900990255
1909,Vinod Rao,9876543701
1910,Swati Saxena,9988776544
1911,Tarika Nair,9988776600
1912,Aarti Gupta,9876543756
1913,Rakesh Rao,9988001299
1914,Neetu Singh,9900990188
1915,Kriti Joshi,9876543212
1916,Rekha Mehta,9654321034
1917,Sneha Singh,9876543434
1918,Rajiv Rao,9871234589
1919,Rohit Sharma,9988001122
1920,Amit Verma,9876543377
1921,Neelam Kapoor,9876543712
1922,Vijay Kumar,9654321012
1923,Ritu Sen,9900990200
1924,Rina Ghosh,9876543789
1925,Ritu Verma,9900990100
1926,Rashmi Sen,9988776544
1927,Vinod Rao,9901234533
1928,Uday Verma,9812345645
1929,Sonia Desai,9876543556
1930,Swati Ghosh,9823456790
1931,Neha Rao,9823456723
1932,Vijay Rao,9988776499
1933,Anita Malhotra,9871234545
1934,Rekha Mehta,9654321021
1935,Anita Malhotra,9876543255
1936,Richa Mehta,9876543778
1937,Aman Verma,9876543712
1938,Ashwin Verma,9988001277
1939,Harish Rao,9823456756
1940,Vikram Sharma,9812345655
1941,Yogesh Rao,9812345644
1942,Uday Verma,9876543244
1943,Sejal Desai,9823456723
1944,Parth Singh,9765432091
1945,Parth Singh,9988001122
1946,Prakash Sharma,9901234511
1947,Richa Verma,9823456778
1948,Amit Verma,9823456778
1949,Dinesh Joshi,9812345689
1950,Swati Ghosh,9812345634
1951,Tarika Rao,9901234511
1952,Uday Verma,9823456701
1953,Suman Singh,9823456778
1954,Ashwin Verma,9871234501
1955,Kriti Jain,9901234566
1956,Amit Singh,9654321081
1957,Dinesh Singh,9823456723
1958,Sanjeev Joshi,9765432097
1959,Sneha Jain,9765123421
1960,Manish Verma,9900990155
1961,Ashok Kumar,9988776566
1962,Priyanka Malhotra,9765123498
1963,Ritu Joshi,9876543311
1964,Sejal Malhotra,9876543801
1965,Chandan Sharma,9812345609
1966,Kajal Gupta,9654321089
1967,Amit Verma,9988001155
1968,Deepali Singh,9876543567
1969,Vinod Khanna,9876543778
1970,Rina Joshi,9876543690
1971,Suresh Menon,9876543299
1972,Ajay Patel,9900990211
1973,Suraj Khanna,9876543512
1974,Suraj Joshi,9988776599
1975,Akash Rao,9765123465
1976,Shruti Singh,9876543789
1977,Ashok Singh,9654321090
1978,Rakesh Mehta,9871234501
1979,Rajesh Sharma,9765123421
1980,Rekha Malhotra,9765432100
1981,Ashwin Kumar,9876543601
1982,Deepak Joshi,9876543534
1983,Neha Patel,9901234533
1984,Bhavna Rao,9876543277
1985,Vijay Nair,9812345656
1986,Priti Joshi,9901234555
1987,Abhishek Sharma,9871234590
1988,Parth Singh,9876543723
1989,Sameer Das,9765123454
1990,Kavita Malhotra,9812345655
1991,Shruti Singh,9765432105
1992,Sonali Singh,9765432091
1993,Ashok Singh,9765123410
1994,Tarun Singh,9876543867
1995,Yogesh Rao,9988776555
1996,Shweta Verma,9901234511
1997,Ramesh Rao,9876543890
1998,Rina Joshi,9812345660
1999,Rekha Malhotra,9812345634
2000,Sanjay Pillai,9812345678
2001,Tanya Verma,9654321021
2002,Tarun Singh,9765432103
2003,Dhruv Kumar,9823456734
2004,Sanjay Verma,9823456767
2005,Vinod Khanna,9765432104
2006,Rahul Desai,9765123487
2007,Kavita Nair,9871234556
2008,Sejal Rao,9900990277
2009,Mukesh Joshi,9765432107
2010,Dinesh Joshi,9812345690
2011,Lata Joshi,9765123454
2012,Parth Singh,9876543834
2013,Sejal Desai,9876543298
2014,Tanya Rao,9901234522
2015,Deepak D’Souza,9988776533
2016,Smriti Singh,9876543834
2017,Karishma Rao,9901234500
2018,Ashok Kumar,9812345634
2019,Sanjay Pillai,9812345689
2020,Karishma Singh,9654321067
2021,Manoj Reddy,9812345645
2022,Seema Kapoor,9900990111
2023,Richa Mehta,9901234522
2024,Shilpa Joshi,9876543277
2025,Ramesh Singh,9812345660
2026,Bhavna Singh,9876543667
2027,Sanjay Pillai,9812345656
2028,Deepak Joshi,9871234501
2029,Rashmi Sen,9901234577
2030,Sejal Mehta,9876543277
2031,Neha Patel,9900990277
2032,Sanjeev Bhatt,9901234522
2033,Shruti Singh,9765432092
2034,Tarika Nair,9901234522
2035,Kiran Rao,9812345660
2036,Amitabh Kumar,9900990211
2037,Ritu Joshi,9901234566
2038,Rahul Verma,9765123476
2039,Mukesh Joshi,9823456734
2040,Rakesh Joshi,9876543298
2041,Richa Verma,9765432108
2042,Karan Mehta,9765123409
2043,Dinesh Joshi,9765123476
2044,Bhavna Nair,9812345678
2045,Sanjay Verma,9901234567
2046,Rahul Singh,9988776511
2047,Rekha Malhotra,9812345633
2048,Vijay Nair,9654321090
2049,Ashok Kumar,9876543366
2050,Prakash Verma,9812345610
2051,Parth Sharma,9654321001
2052,Rakesh Joshi,9988001211
2053,Sanjeev Joshi,9654321023
2054,Vinod Rao,9823456756
2055,Kavita Nair,9654321078
2056,Kavya Ghosh,9876543667
2057,Meera Joshi,9876543812
2058,Amit Singh,9876543645
2059,Sonali Joshi,9876543545
2060,Deepak D’Souza,9765123432
2061,Karishma Singh,9823456701
2062,Prakash Sharma,9876123456
2063,Rakesh Mehta,9876543298
2064,Prakash Sharma,9988776599
2065,Poonam Jain,9876543322
2066,Aman Gupta,9988776544
2067,Naina Joshi,9876543801
2068,Dharmesh Singh,9823456723
2069,Nandini Rao,9901234533
2070,Poonam Jain,9812345612
2071,Harsha Kumar,9823456790
2072,Lata Joshi,9988776577
2073,Nisha Ghosh,9988001255
2074,Rina Joshi,9823456723
2075,Meera Joshi,9765123443
2076,Sneha Jain,9876543344
2077,Tarun Singh,9901234511
2078,Seema Kapoor,9812345644
2079,Yogesh Rao,9988776566
2080,Uday Verma,9765123410
2081,Nisha Joshi,9876543578
2082,Prakash Sharma,9988776633
2083,Naina Joshi,9812345678
2084,Shweta Joshi,9901234599
2085,Richa Rao,9765123443
2086,Harish Rao,9876543590
2087,Nidhi Joshi,9871234556
2088,Mukesh Yadav,9812345689
2089,Geeta Reddy,9988001233
2090,Tanya Verma,9876543589
2091,Smriti Kumar,9876543399
2092,Ajit Pillai,9876543801
2093,Uday Malhotra,9823456756
2094,Sandeep Joshi,9876543767
2095,Pooja Singh,9900990144
2096,Vivek Rao,9876543889
2097,Bhavna Rao,9876543623
2098,Suman Singh,9876543300
2099,Kriti Verma,9876543790
2100,Raj Kumar,9812345610
2101,Reema Jain,9900990211
2102,Divya Bhatt,9988776555
2103,Nisha Kumar,9654321098
2104,Suraj Sharma,9765123432
2105,Rakesh Joshi,9900990155
2106,Kajal Singh,9765432102
2107,Neha Joshi,9876543689
2108,Riya Malhotra,9765432094
2109,Radhika Jain,9876543889
2110,Ritu Joshi,9876543467
2111,Kiran Rao,9765123410
2112,Amit Singh,9876543856
2113,Nisha Joshi,9823456790
2114,Ritu Singh,9765123487
2115,Juhi Sinha,9900990233
2116,Prakash Verma,9871234589
2117,Suman Singh,9876543778
2118,Suraj Joshi,9765123476
2119,Rekha Malhotra,9876543745
2120,Sonia Reddy,9988001200
2121,Abhishek Sharma,9812345690
2122,Juhi Sinha,9876543255
2123,Dharmesh Patel,9876543478
2124,Divya Chatterjee,9876543388
2125,Ajit Verma,9876543856
2126,Nisha Joshi,9876543645
2127,Suman Malhotra,9871234556
2128,Kavya Joshi,9765432095
2129,Nidhi Sen,9876543377
2130,Kajal Singh,9765432091
2131,Aman Joshi,9876543767
2132,Sameer Das,9901234566
2133,Ashwin Verma,9654321032
2134,Kunal Verma,9900990233
2135,Meena Singh,9812345689
2136,Meena Singh,9901234522
2137,Sneha Rao,9823456701
2138,Priya Singh,9876543612
2139,Deepak Verma,9988001222
2140,Shilpa Verma,9988776566
2141,Rina Ghosh,9871234589
2142,Rajiv Kumar,9654321054
2143,Sanjay Singh,9765123487
2144,Manish Pillai,9812345689
2145,Aman Verma,9876543412
2146,Kavya Ghosh,9812345678
2147,Kunal Agarwal,9812345678
2148,Anisha Das,9988776533
2149,Harsha Kumar,9876543590
2150,Shweta Verma,9654321010
2151,Vivek Rao,9823456790
2152,Seema Joshi,9765123432
2153,Harish Rao,9876543210
2154,Smriti Singh,9988776622
2155,Riya Malhotra,9765123410
2156,Aryan Sharma,9812345610
2157,Nidhi Pillai,9876543300
2158,Nandini Singh,9988776488
2159,Suraj Joshi,9871234589
2160,Vinod Rao,9654321090
2161,Meera Joshi,9871234578
2162,Divya Chatterjee,9823456789
2163,Ajit Rao,9876543667
2164,Rina Singh,9765123410
2165,Ananya Rao,9765123465
2166,Sonia Reddy,9988776588
2167,Siddharth Bhatt,9765123476
2168,Anil Patel,9812345656
2169,Harsha Kumar,9900990166
2170,Rina Verma,9876543266
2171,Naina Joshi,9871234567
2172,Karishma Verma,9876543401
2173,Rahul Singh,9812345644
2174,Neelam Menon,9765432097
2175,Kriti Joshi,9654321023
2176,Neha Rao,9876543266
2177,Sanjeev Kumar,9876543812
2178,Namrata Sen,9823456789
2179,Sneha Jain,9765432093
2180,Sonali Joshi,9765432095
2181,Arjun Rao,9812345644
2182,Dhruv Kumar,9900990233
2183,Sandeep Joshi,9823456778
2184,Ritu Verma,9901234577
2185,Neha Verma,9876543478
2186,Ajay Verma,9812345678
2187,Shweta Verma,9900990233
2188,Ajit Joshi,9901234522
2189,Kajal Sen,9823456723
2190,Siddharth Pillai,9876543355
2191,Sonali Joshi,9765432106
2192,Nisha Kumar,9654321023
2193,Anita Rao,9812345678
2194,Ajit Verma,9876543667
2195,Sanjeev Mehta,9871234578
2196,Suraj Sharma,9988776488
2197,Kiran Patel,9988776544
2198,Rina Rao,9765123454
2199,Rajiv Khanna,9823456712
2200,Yogesh Rao,9901234533
2201,Smriti Malhotra,9871234534
2202,Rajiv Rao,9876543333
2203,Rajiv Khanna,9812345622
2204,Mohit Joshi,9900990199
2205,Sanjeev Kumar,9876543878
2206,Arjun Rao,9823456712
2207,Shruti Ghosh,9876543377
2208,Sanjay Pillai,9988001233
2209,Kavya Singh,9988001155
2210,Harsha Joshi,9812345600
2211,Ramesh Bhatt,9988001188
2212,Pradeep Sharma,9988776611
2213,Harsha Rao,9812345678
2214,Neha Joshi,9823456723
2215,Yogesh Rao,9654321021
2216,Neetu Joshi,9900990144
2217,Amitabh Verma,9765123454
2218,Pooja Singh,9876543233
2219,Neetu Desai,9871234501
2220,Dhruv Verma,9900990133
2221,Smriti Singh,9654321054
2222,Kajal Singh,9900990188
2223,Pooja Singh,9876543545
2224,Kunal Verma,9876543567
2225,Aarti Gupta,9988001166
2226,Rohit Bhatia,9876543678
2227,Sanjay Singh,9654321021
2228,Karishma Verma,9823456778
2229,Uday Verma,9900990255
2230,Ritu Rao,9812345655
2231,Smriti Singh,9812345667
2232,Anil Kumar,9871234567
2233,Nidhi Sen,9901234522
2234,Chandan Sharma,9765123498
2235,Ritu Verma,9876543612
2236,Manoj Reddy,9765432108
2237,Sejal Malhotra,9876543734
2238,Parth Verma,9876123456
2239,Sandeep Joshi,9823456734
2240,Suman Malhotra,9876543767
2241,Anita Malhotra,9812345667
2242,Reema Jain,9654321078
2243,Ananya Roy,9876543634
2244,Uday Verma,9812345690
2245,Neha Joshi,9900990111
2246,Parth Sharma,9654321081
2247,Ajay Joshi,9901234577
2248,Deepali Joshi,9871234590
2249,Mukesh Yadav,9901234599
2250,Dhruv Verma,9876543300
2251,Kajal Gupta,9901234511
2252,Shweta Joshi,9812345678
2253,Kshitij Sharma,9765123443
2254,Neetu Joshi,9876543612
2255,Kavya Singh,9876543456
2256,Gaurav Agarwal,9654321001
2257,Seema Malhotra,9988776600
2258,Shreya Nair,9765432100
2259,Sejal Mehta,9876543701
2260,Girish Joshi,9765432093
2261,Sanjeev Mehta,9765432106
2262,Kunal Agarwal,9812345611
2263,Anita Malhotra,9871234534
2264,Girish Pillai,9876543277
2265,Anita Malhotra,9900990100
2266,Parth Verma,9654321081
2267,Vivek Rao,9876543534
2268,Sonali Rao,9988001266
2269,Poonam Roy,9654321001
2270,Rahul Verma,9823456789
2271,Sanjeev Bhatt,9988776555
2272,Kavya Ghosh,9901234544
2273,Kavya Singh,9876543355
2274,Vinod Rao,9876543645
2275,Reema Jain,9871234589
2276,Deepali Joshi,9876543901
2277,Gaurav Verma,9765432107
2278,Karishma Verma,9876543556
2279,Yogesh Joshi,9900990244
2280,Shruti Ghosh,9876543412
2281,Priya Singh,9876543222
2282,Arjun Rao,9988001200
2283,Nandini Rao,9876543534
2284,Kshitij Sharma,9876543355
2285,Mukesh Joshi,9812345645
2286,Anita Rao,9876543344
2287,Rina Singh,9812345678
2288,Rohit Sharma,9654321090
2289,Neetu Joshi,9876543778
2290,Anil Kumar,9765432103
2291,Rina Rao,9876543355
2292,Karishma Singh,9876543690
2293,Nandini Rao,9901234577
2294,Ritu Sen,9876543300
2295,Bhavna Rao,9823456790
2296,Rajesh Sharma,9812345634
2297,Deepak Joshi,9812345655
2298,Rekha Mehta,9871234534
2299,Amit Verma,9901234577
2300,Tanya Verma,9900990122
2301,Shilpa Joshi,9876543756
2302,Tarun Joshi,9812345678
2303,Vinod Rao,9876543834
2304,Ashok Kumar,9765432094
2305,Richa Rao,9654321056
2306,Rekha Reddy,9765432102
2307,Kunal Agarwal,9823456723
2308,Yogesh Rao,9876543456
2309,Sameer Das,9876543299
2310,Siddharth Bhatt,9901234577
2311,Rajesh Menon,9876543333
2312,Siddharth Bhatt,9876543478
2313,Shweta Joshi,9812345656
2314,Neha Patel,9823456723
2315,Suraj Singh,9823456789
2316,Ajay Joshi,9812345678
2317,Rohit Sharma,9812345678
2318,Seema Kapoor,9988776511
2319,Gaurav Verma,9988001299
2320,Mukesh Joshi,9765123476
2321,Meera Joshi,9765432105
2322,Kajal Sen,9876543233
2323,Rajiv Rao,9988001255
2324,Nisha Kumar,9876543823
2325,Rina Singh,9988776488
2326,Shilpa Verma,9812345610
2327,Pooja Singh,9654321043
2328,Rina Rao,9876543501
2329,Kiran Singh,9988001166
2330,Ananya Rao,9812345645
2331,Anju Singh,9654321098
2332,Anju Singh,9812345656
2333,Rekha Mehta,9823456701
2334,Ajay Joshi,9812345634
2335,Kriti Joshi,9876543456
2336,Kavya Rao,9876543523
2337,Aman Verma,9900990211
2338,Tanya Rao,9654321012
2339,Kavya Singh,9812345622
2340,Anjali Joshi,9765123498
2341,Alka Patel,9871234523
2342,Karishma Verma,9765432101
2343,Meena Singh,9823456767
2344,Juhi Sinha,9765432091
2345,Smriti Malhotra,9901234567
2346,Aryan Sharma,9654321081
2347,Parth Rao,9901234588
2348,Priyanka Singh,9876543344
2349,Kriti Verma,9876543233
2350,Sejal Desai,9876543298
2351,Neelam Menon,9901234511
2352,Tanya Joshi,9876543423
2353,Arvind Nair,9871234523
2354,Smita Malhotra,9876543266
2355,Anisha Das,9765123498
2356,Shweta Verma,9876543634
2357,Ashwin Kumar,9823456723
2358,Anil Singh,9988776500
2359,Karishma Rao,9876543612
2360,Amitabh Verma,9823456789
2361,Rajesh Rao,9876543590
2362,Vikram Sharma,9876543322
2363,Suraj Singh,9988776644
2364,Vikas Sharma,9812345660
2365,Manoj Reddy,9988001200
2366,Arvind Nair,9988001177
2367,Rina Verma,9876543210
2368,Neha Patel,9876543490
2369,Aarti Gupta,9823456790
2370,Ashwin Kumar,9812345633
2371,Seema Kapoor,9876543523
2372,Ajay Khanna,9765123476
2373,Rohan Singh,9876543299
2374,Ananya Roy,9988776533
2375,Chandan Sharma,9654321090
2376,Anita Rao,9901234567
2377,Anita Rao,9988001122
2378,Manish Joshi,9900990177
2379,Shweta Joshi,9871234512
2380,Namrata Pillai,9988776488
2381,Neelam Kapoor,9988776622
2382,Deepak Joshi,9988001200
2383,Harsha Joshi,9765123409
2384,Rajiv Khanna,9876543667
2385,Amitabh Verma,9812345655
2386,Anju Singh,9876543355
2387,Nandini Menon,9871234589
2388,Tarun Singh,9876543490
2389,Anu Gupta,9812345656
2390,Tanya Rao,9876543612
2391,Uday Desai,9876543445
2392,Tanya Rao,9876543778
2393,Rina Ghosh,9988001155
2394,Anil Rao,9823456723
2395,Meera Das,9988001244
2396,Priya Gupta,9900990100
2397,Aman Rao,9900990277
2398,Aman Verma,9765432104
2399,Manoj Reddy,9876543890
2400,Ritu Sen,9900990244
2401,Sneha Jain,9654321054
2402,Aarti Gupta,9823456767
2403,Dhruv Kumar,9876543322
2404,Rekha Reddy,9654321012
2405,Pooja Singh,9812345689
2406,Geeta Reddy,9823456734
2407,Sandeep Mishra,9876543490
2408,Neetu Desai,9876543723
2409,Nisha Ghosh,9876543501
2410,Suraj Sharma,9988001233
2411,Prakash Iyer,9876543523
2412,Nisha Kumar,9876543878
2413,Siddharth Bhatt,9823456767
2414,Uday Malhotra,9876543867
2415,Reema Jain,9900990122
2416,Sameer Malhotra,9765123487
2417,Sanjeev Kumar,9876543723
2418,Ritu Joshi,9900990188
2419,Vikas Sharma,9876543634
2420,Riya Malhotra,9876543634
2421,Parth Singh,9765432104
2422,Kavya Rao,9876543778
2423,Neelam Menon,9812345678
2424,Meera Das,9876543300
2425,Dharmesh Singh,9654321063
2426,Rajiv Rao,9654321056
2427,Harsha Rao,9988776555
2428,Vijay Kumar,9876543412
2429,Prakash Verma,9823456790
2430,Naina Joshi,9654321023
2431,Sneha Singh,9876543745
2432,Bhavna Verma,9876123456
2433,Ritu Singh,9823456756
2434,Bhavna Singh,9812345600
2435,Shweta Verma,9988776511
2436,Amit Joshi,9765123432
2437,Rahul Singh,9988001133
2438,Poonam Roy,9876543388
2439,Tarun Verma,9988001244
2440,Namrata Pillai,9765123498
2441,Sanjay Verma,9988776566
2442,Shweta Verma,9765432099
2443,Dhruv Sharma,9823456756
2444,Amitabh Verma,9812345612
2445,Naina Joshi,9876543512
2446,Shruti Ghosh,9812345609
2447,Parth Rao,9765432101
2448,Parth Sharma,9901234567
2449,Karishma Singh,9876543712
2450,Ajay Joshi,9823456745
2451,Lata Joshi,9901234588
2452,Kavya Joshi,9876543734
2453,Aryan Sharma,9765123487
2454,Uday Desai,9871234567
2455,Sanjay Singh,9812345601
2456,Sonali Joshi,9765432102
2457,Ritu Joshi,9876543311
2458,Rekha Verma,9765123454
2459,Arvind Rao,9871234534
2460,Rohit Sharma,9654321043
2461,Swati Ghosh,9988001200
2462,Dharmesh Joshi,9765432093
2463,Suraj Singh,9900990244
2464,Anil Verma,9876543590
2465,Rajiv Khanna,9900990144
2466,Meera Joshi,9876543789
2467,Amar Khanna,9823456789
2468,Rajiv Khanna,9876543901
2469,Tanya Verma,9876543388
2470,Kajal Gupta,9900990277
2471,Rina Verma,9900990133
2472,Kriti Jain,9823456767
2473,Alka Joshi,9654321056
2474,Dhruv Kumar,9654321089
2475,Kavita Nair,9988776577
2476,Sonia Reddy,9901234511
2477,Anil Singh,9654321023
2478,Meena Rao,9876543801
2479,Swati Ghosh,9654321056
2480,Nandini Rao,9900990100
2481,Harsha Verma,9876543723
2482,Rajiv Rao,9988776500
2483,Bhavna Rao,9812345678
2484,Seema Joshi,9876543355
2485,Yogesh Joshi,9876543845
2486,Neetu Singh,9988776600
2487,Manish Joshi,9901234511
2488,Neetu Saxena,9876543277
2489,Ajit Pillai,9876543589
2490,Rekha Reddy,9876543512
2491,Suman Singh,9812345678
2492,Sanjay Singh,9765123498
2493,Manish Sharma,9765123465
2494,Suman Malhotra,9871234501
2495,Ritu Joshi,9988776600
2496,Kriti Joshi,9988776522
2497,Rajesh Rao,9765432093
2498,Ramesh Singh,9823456790
2499,Raj Kumar,9900990244
2500,Sanjeev Mehta,9871234501
2501,Richa Joshi,9812345655
2502,Deepali Singh,9765123476
2503,Neetu Joshi,9765123421
2504,Pradeep Sharma,9812345601
2505,Abhishek Kumar,9876543778
2506,Nidhi Joshi,9876543690
2507,Aryan Sharma,9765432102
2508,Kavya Rao,9988776588
2509,Rajesh Menon,9901234599
2510,Pooja Singh,9812345689
2511,Mohit Joshi,9765432095
2512,Deepak Joshi,9812345698
2513,Neha Joshi,9988001188
2514,Parth Sharma,9876543901
2515,Divya Chatterjee,9812345610
2516,Rakesh Rao,9876543678
2517,Nidhi Joshi,9123456789
2518,Neelam Kapoor,9654321081
2519,Sejal Desai,9901234588
2520,Ashwin Kumar,9765432105
2521,Ananya Rao,9876543298
2522,Deepak Joshi,9876543723
2523,Nandini Singh,9876543612
2524,Rekha Reddy,9988001188
2525,Tarika Nair,9812345678
2526,Juhi Sinha,9823456723
2527,Smita Malhotra,9876543456
2528,Vikas Sharma,9765432096
2529,Dhruv Kumar,9876543834
2530,Poonam Joshi,9876543377
2531,Girish Pillai,9765123409
2532,Seema Malhotra,9901234511
2533,Ashwin Menon,9900990166
2534,Anjali Joshi,9876543456
2535,Prakash Sharma,9654321072
2536,Deepak Verma,9988001277
2537,Rina Rao,9871234523
2538,Namrata Pillai,9876543889
2539,Poonam Roy,9876543878
2540,Raj Kumar,9876543311
2541,Namrata Pillai,9765432105
2542,Nandini Rao,9876543266
2543,Vijay Nair,9654321090
2544,Suresh Menon,9988001144
2545,Vijay Nair,9765432093
2546,Nandini Menon,9871234590
2547,Ritu Joshi,9876543623
2548,Yogesh Patel,9654321010
2549,Tarun Verma,9901234544
2550,Kunal Verma,9871234523
2551,Neelam Kapoor,9812345678
2552,Smriti Malhotra,9988001244
2553,Rohit Sharma,9988001277
2554,Ananya Rao,9988776555
2555,Richa Verma,9823456701
2556,Tanya Rao,9765123498
2557,Richa Verma,9765432098
2558,Vijay Kumar,9876543210
2559,Priya Singh,9812345655
2560,Ashwin Verma,9876543589
2561,Manish Sharma,9812345678
2562,Harsha Joshi,9876543434
2563,Kiran Singh,9988001288
2564,Anita Rao,9823456712
2565,Shilpa Joshi,9876543556
2566,Kavya Joshi,9988776644
2567,Mukta Verma,9812345678
2568,Juhi Sinha,9823456767
2569,Yogesh Rao,9823456790
2570,Karan Mehta,9871234590
2571,Suraj Joshi,9876543656
2572,Sejal Rao,9876123456
2573,Anil Patel,9823456778
2574,Deepak Joshi,9871234589
2575,Priyanka Malhotra,9823456756
2576,Deepali Singh,9988001199
2577,Uday Verma,9876543856
2578,Parth Verma,9654321023
2579,Arjun Rao,9988001122
2580,Naina Joshi,9876543266
2581,Kajal Singh,9823456701
2582,Karishma Verma,9876543478
2583,Uday Verma,9876543678
2584,Meena Rao,9901234577
2585,Rekha Reddy,9871234589
2586,Rina Verma,9876543889
2587,Nisha Joshi,9812345644
2588,Amit Singh,9876543523
2589,Amit Verma,9765123432
2590,Bhavna Singh,9654321098
2591,Mukta Singh,9871234512
2592,Amitabh Verma,9823456767
2593,Mukesh Yadav,9812345667
2594,Anju Singh,9988776577
2595,Kiran Singh,9988001200
2596,Tarun Yadav,9988776499
2597,Rashmi Sen,9900990155
2598,Aman Rao,9654321043
2599,Amit Verma,9654321054
2600,Nandini Menon,9765123421
2601,Manish Verma,9876543255
2602,Harsha Joshi,9812345633
2603,Nisha Ghosh,9900990166
2604,Juhi Singh,9812345655
2605,Seema Joshi,9871234590
2606,Mohit Sharma,9876543667
2607,Ajay Patel,9876543756
2608,Rahul Verma,9988001222
2609,Neetu Desai,9823456712
2610,Neetu Singh,9901234588
2611,Ramesh Rao,9876543901
2612,Yogesh Rao,9988001199
2613,Chandan Sharma,9900990122
2614,Nidhi Singh,9765123487
2615,Ajit Rao,9812345656
2616,Kshitij Sharma,9812345666
2617,Rahul Verma,9823456778
2618,Rahul Desai,9823456790
2619,Kriti Verma,9900990177
2620,Arjun Rao,9812345689
2621,Riya Malhotra,9988001299
2622,Tarun Yadav,9654321001
2623,Sanjay Singh,9900990166
2624,Bhavna Verma,9812345644
2625,Ashwin Menon,9765432107
2626,Deepak Verma,9900990099
2627,Vivek Rao,9823456701
2628,Arjun Rao,9901234544
2629,Tarika Nair,9765432100
2630,Shreya Nair,9812345645
2631,Dhruv Verma,9812345612
2632,Sameer Das,9765432102
2633,Arjun Rao,9876543745
2634,Reema Singh,9900990222
2635,Sonali Verma,9876543478
2636,Yogesh Rao,9988001222
2637,Dhruv Verma,9900990211
2638,Ajay Joshi,9900990122
2639,Mohit Sharma,9876543801
2640,Anu Gupta,9876543277
2641,Sameer Das,9812345690
2642,Deepak D’Souza,9988001288
2643,Poonam Roy,9765432107
2644,Bhavna Singh,9876543590
2645,Girish Pillai,9654321045
2646,Ramesh Bhatt,9765432100
2647,Prakash Iyer,9123456789
2648,Nandini Menon,9876543377
2649,Amit Verma,9812345678
2650,Reema Verma,9876543534
2651,Prakash Verma,9876543856
2652,Rina Ghosh,9654321078
2653,Yogesh Joshi,9654321054
2654,Dharmesh Singh,9812345660
2655,Vinod Rao,9988776566
2656,Tanya Rao,9812345656
2657,Naina Joshi,9988776499
2658,Kriti Joshi,9900990244
2659,Sanjeev Kumar,9988001211
2660,Vijay Nair,9654321081
2661,Manish Verma,9901234566
2662,Suresh Menon,9871234534
2663,Ramesh Sharma,9876543556
2664,Nisha Ghosh,9876543456
2665,Sanjay Singh,9765123465
2666,Sameer Rao,9988776555
2667,Harish Rao,9900990133
2668,Poonam Jain,9812345670
2669,Asha Pillai,9812345678
2670,Kunal Agarwal,9988776533
2671,Neetu Singh,9988776488
2672,Harsha Joshi,9823456756
2673,Mukta Rao,9901234511
2674,Rohit Rao,9765432095
2675,Tarun Singh,9812345633
2676,Aman Gupta,9765123410
2677,Mukesh Yadav,9876543756
2678,Sandeep Joshi,9876543667
2679,Suman Singh,9876543534
2680,Siddharth Bhatt,9812345689
2681,Rajesh Menon,9823456790
2682,Ajay Joshi,9900990222
2683,Juhi Sinha,9812345655
2684,Anita Malhotra,9812345634
2685,Poonam Roy,9988001288
2686,Tarun Singh,9812345690
2687,Deepali Joshi,9812345656
2688,Sneha Singh,9812345633
2689,Dhruv Verma,9876543255
2690,Ajay Khanna,9765123487
2691,Anisha Das,9876543778
2692,Arjun Rao,9988776588
2693,Arjun Rao,9871234590
2694,Rajiv Khanna,9812345633
2695,Parth Rao,9765432097
2696,Tanya Sharma,9988776577
2697,Naina Joshi,9654321081
2698,Meera Das,9812345677
2699,Suresh Malhotra,9765432102
2700,Sonali Verma,9988001144
2701,Bhavna Rao,9876543212
2702,Sandeep Mishra,9876543834
2703,Kavya Singh,9988776600
2704,Gaurav Verma,9988776555
2705,Riya Malhotra,9876543890
2706,Chandan Sharma,9876543288
2707,Neha Joshi,9812345690
2708,Richa Verma,9988776533
2709,Dharmesh Singh,9988001233
2710,Kriti Verma,9823456745
2711,Ritu Joshi,9900990144
2712,Siddharth Pillai,9765432094
2713,Suraj Joshi,9901234577
2714,Ramesh Bhatt,9876543201
2715,Naina Joshi,9876543201
2716,Rina Joshi,9876543667
2717,Seema Kapoor,9823456701
2718,Mukta Rao,9901234522
2719,Nidhi Pillai,9871234534
2720,Pooja Singh,9871234578
2721,Juhi Sinha,9765432105
2722,Amitabh Verma,9876543801
2723,Manish Verma,9765123421
2724,Neetu Singh,9871234534
2725,Nidhi Singh,9876543667
2726,Dhruv Verma,9876543856
2727,Shweta Mehta,9654321081
2728,Mukta Singh,9765432103
2729,Nandini Rao,9876543212
2730,Anju Singh,9871234523
2731,Anisha Das,9812345678
2732,Anil Kumar,9654321072
2733,Rahul Desai,9901234511
2734,Deepali Joshi,9823456767
2735,Ritu Joshi,9876543311
2736,Dhruv Sharma,9876543845
2737,Divya Bhatt,9900990200
2738,Ajay Verma,9876543745
2739,Ananya Rao,9123456789
2740,Sonali Singh,9900990188
2741,Anju Singh,9812345690
2742,Reema Jain,9876543222
2743,Siddharth Bhatt,9654321010
2744,Sanjeev Joshi,9812345670
2745,Neha Joshi,9871234567
2746,Lata Joshi,9876543856
2747,Alka Patel,9812345623
2748,Sandeep Joshi,9988776577
2749,Ritu Verma,9823456789
2750,Suman Singh,9876543778
2751,Deepak D’Souza,9876543834
2752,Shweta Verma,9901234555
2753,Sanjay Pillai,9901234599
2754,Ananya Singh,9871234534
2755,Sonali Singh,9765432109
2756,Tanya Joshi,9988776499
2757,Rohit Sharma,9812345601
2758,Prakash Iyer,9900990188
2759,Divya Chatterjee,9812345677
2760,Rajiv Kumar,9876543801
2761,Dhruv Verma,9876543355
2762,Sonali Joshi,9654321098
2763,Smriti Singh,9900990266
2764,Amit Verma,9988776600
2765,Suraj Khanna,9876543489
2766,Nandini Rao,9654321054
2767,Neetu Singh,9823456767
2768,Yogesh Rao,9988776500
2769,Ajit Joshi,9900990133
2770,Rahul Singh,9812345678
2771,Dhruv Verma,9812345666
2772,Rohit Rao,9988776566
2773,Smriti Rao,9765432091
2774,Priti Jain,9654321056
2775,Anil Verma,9123456789
2776,Tarun Yadav,9871234567
2777,Dinesh Joshi,9876543589
2778,Meera Das,9900990122
2779,Anjali Joshi,9876543478
2780,Richa Singh,9901234522
2781,Mukta Verma,9871234590
2782,Lata Joshi,9876543634
2783,Sejal Mehta,9988776655
2784,Sejal Malhotra,9988776511
2785,Nidhi Joshi,9812345689
2786,Akash Rao,9988776544
2787,Sonali Verma,9765123454
2788,Nidhi Pillai,9823456790
2789,Neetu Saxena,9876543623
2790,Smriti Malhotra,9988776577
2791,Kiran Rao,9901234555
2792,Tanya Verma,9876543434
2793,Richa Joshi,9812345690
2794,Priti Jain,9765123410
2795,Sanjay Singh,9988001122
2796,Abhishek Sharma,9765432096
2797,Shweta Verma,9876543344
2798,Harsha Joshi,9812345690
2799,Richa Rao,9812345622
2800,Rekha Malhotra,9812345689
2801,Seema Malhotra,9876543656
2802,Rohan Singh,9871234501
2803,Ashwin Verma,9988001299
2804,Yogesh Rao,9823456734
2805,Aman Rao,9812345666
2806,Kriti Verma,9765432097
2807,Anju Sen,9988776555
2808,Vijay Nair,9654321032
2809,Namrata Sen,9812345660
2810,Smriti Malhotra,9812345611
2811,Raj Kumar,9876543322
2812,Kriti Joshi,9876543300
2813,Neelam Menon,9823456712
2814,Rakesh Rao,9765123454
2815,Priti Singh,9765123498
2816,Seema Joshi,9876543656
2817,Sandeep Joshi,9876543333
2818,Radhika Jain,9876543701
2819,Dharmesh Joshi,9765123432
2820,Richa Joshi,9901234500
2821,Deepak Verma,9871234534
2822,Neetu Desai,9765432106
2823,Seema Joshi,9871234512
2824,Pooja Singh,9654321034
2825,Ajay Khanna,9988001144
2826,Juhi Malhotra,9988001277
2827,Anisha Das,9876543244
2828,Richa Singh,9812345610
2829,Dinesh Joshi,9765432097
2830,Priti Verma,9900990111
2831,Meera Das,9876543300
2832,Nidhi Joshi,9765432105
2833,Dhruv Verma,9812345667
2834,Suresh Iyer,9988776655
2835,Manish Joshi,9876543656
2836,Sneha Rao,9876543745
2837,Neetu Saxena,9871234501
2838,Uday Verma,9876543778
2839,Bhavna Nair,9812345601
2840,Namrata Pillai,9876543210
2841,Rakesh Mehta,9876543578
2842,Sneha Jain,9823456712
2843,Kunal Verma,9876543678
2844,Poonam Jain,9871234589
2845,Raj Kumar,9876543689
2846,Suresh Malhotra,9812345633
2847,Swati Ghosh,9988776599
2848,Sneha Jain,9988776488
2849,Rakesh Rao,9988001299
2850,Naina Verma,9988776488
2851,Suraj Joshi,9871234534
2852,Shruti Singh,9988776611
2853,Rekha Verma,9876543233
2854,Rakesh Mehta,9876543901
2855,Rohit Rao,9812345600
2856,Kavita Rao,9900990133
2857,Kriti Verma,9876543445
2858,Yogesh Rao,9812345600
2859,Sejal Rao,9876543689
2860,Sameer Das,9765432109
2861,Rashmi Sen,9876543210
2862,Neetu Singh,9654321072
2863,Sneha Kapoor,9876543255
2864,Radhika Jain,9988001288
2865,Nandini Singh,9988001288
2866,Kavita Nair,9876543244
2867,Richa Singh,9876543634
2868,Poonam Jain,9901234577
2869,Kavya Singh,9988776544
2870,Harsha Kumar,9876543656
2871,Rashmi Sen,9765123410
2872,Parth Rao,9823456712
2873,Yogesh Rao,9901234522
2874,Uday Verma,9765123409
2875,Tanya Rao,9876543388
2876,Sneha Rao,9988776655
2877,Sonali Rao,9876543812
2878,Meera Joshi,9812345644
2879,Anu Gupta,9654321034
2880,Nisha Ghosh,9988776599
2881,Vijay Kumar,9765123465
2882,Meena Singh,9871234589
2883,Kajal Singh,9988001233
2884,Parth Sharma,9900990144
2885,Rashmi Sen,9876543298
2886,Richa Mehta,9900990277
2887,Vinod Rao,9900990211
2888,Pooja Malhotra,9901234511
2889,Ashok Kumar,9871234534
2890,Shweta Mehta,9876543545
2891,Nisha Ghosh,9988776644
2892,Aarti Gupta,9988776633
2893,Rohit Sharma,9901234500
2894,Dhruv Sharma,9876543489
2895,Bhavna Singh,9812345622
2896,Manish Verma,9823456789
2897,Kiran Patel,9871234512
2898,Poonam Roy,9765432100
2899,Parth Singh,9876543634
2900,Aarti Gupta,9765432109
2901,Suraj Joshi,9812345622
2902,Rajesh Sharma,9654321034
2903,Harsha Verma,9812345678
2904,Nisha Joshi,9765123409
2905,Ajit Joshi,9765123465
2906,Kavita Nair,9988001233
2907,Anita Rao,9988776544
2908,Anju Singh,9876543589
2909,Nisha Kumar,9654321034
2910,Karishma Joshi,9812345610
2911,Priya Singh,9871234567
2912,Swati Ghosh,9871234512
2913,Amit Verma,9876543255
2914,Deepak Verma,9812345667
2915,Tarika Nair,9988001299
2916,Kavya Rao,9901234588
2917,Yogesh Joshi,9876543689
2918,Amitabh Kumar,9823456701
2919,Neetu Singh,9765123454
2920,Ritu Joshi,9812345666
2921,Rahul Verma,9988001266
2922,Neelam Menon,9812345698
2923,Sanjeev Mehta,9765123432
2924,Dharmesh Joshi,9871234567
2925,Richa Mehta,9765432109
2926,Yogesh Rao,9871234523
2927,Sanjeev Kumar,9823456767
2928,Priya Gupta,9876543790
2929,Priti Joshi,9876543801
2930,Tarun Joshi,9876543812
2931,Ananya Singh,9876543634
2932,Raj Kumar,9988776511
2933,Siddharth Bhatt,9876543311
2934,Priya Desai,9876543266
2935,Siddharth Bhatt,9812345670
2936,Sameer Malhotra,9812345644
2937,Nandini Singh,9765432103
2938,Rajiv Rao,9988776577
2939,Rahul Desai,9765432091
2940,Kunal Singh,9876543277
2941,Shweta Mehta,9765123465
2942,Riya Malhotra,9901234567
2943,Sonali Rao,9765123498
2944,Kavita Rao,9765432098
2945,Suraj Singh,9988001188
2946,Shilpa Joshi,9823456701
2947,Mohit Joshi,9988776511
2948,Swati Saxena,9900990222
2949,Aman Joshi,9876543266
2950,Ritu Joshi,9988001288
2951,Aryan Sharma,9876543778
2952,Namrata Pillai,9812345655
2953,Nisha Joshi,9812345634
2954,Meena Rao,9901234577
2955,Rakesh Mehta,9765123498
2956,Neha Joshi,9988001244
2957,Sanjay Bhatt,9823456745
2958,Dhruv Kumar,9988001166
2959,Kriti Jain,9654321012
2960,Kavya Singh,9876543834
2961,Nidhi Pillai,9876543689
2962,Priya Gupta,9900990199
2963,Meera Das,9988001144
2964,Kriti Joshi,9812345633
2965,Suman Singh,9876543244
2966,Karishma Joshi,9900990177
2967,Yogesh Rao,9988776611
2968,Manish Pillai,9765123454
2969,Deepak Verma,9654321034
2970,Anisha Das,9900990188
2971,Vinod Rao,9812345623
2972,Kunal Agarwal,9988776655
2973,Vijay Rao,9812345610
2974,Yogesh Rao,9823456734
2975,Deepak Verma,9988001188
2976,Kunal Agarwal,9876543445
2977,Suraj Khanna,9900990155
2978,Dharmesh Joshi,9812345678
2979,Rajiv Rao,9871234567
2980,Karishma Singh,9988776588
2981,Gaurav Verma,9988776600
2982,Kajal Gupta,9876543401
2983,Smriti Kumar,9901234588
2984,Neetu Singh,9876543333
2985,Rohan Singh,9812345609
2986,Nandini Rao,9871234501
2987,Rekha Verma,9876543690
2988,Amitabh Verma,9765432096
2989,Chandan Sharma,9876543311
2990,Rina Singh,9876543501
2991,Anil Rao,9876543222
2992,Sneha Jain,9654321001
2993,Kriti Joshi,9812345678
2994,Smriti Rao,9871234512
2995,Manish Verma,9876543501
2996,Radhika Jain,9900990166
2997,Neha Joshi,9901234533
2998,Reema Verma,9876543778
2999,Priyanka Malhotra,9988776511
