Order_id,Customer_id,Restaurant_id,Order_date,total_amount,Delivery_partner_id
500001,386,200870,14-09-2020,2560,1383
500002,497,200646,18-12-2023,3312,1113
500003,916,200337,15-02-2020,2227,1342
500004,982,200879,25-03-2023,2312,1848
500005,269,200662,02-12-2021,4206,1373
500006,711,200906,26-03-2024,504,1965
500007,715,200330,21-10-2023,2336,1597
500008,591,200527,21-04-2022,1402,1231
500009,253,200838,18-12-2024,2387,1926
500010,519,200440,01-08-2020,4986,1153
500011,1384,200627,05-08-2019,2968,1386
500012,399,200495,06-08-2020,1877,1259
500013,1235,200975,27-06-2022,4000,1009
500014,901,200870,01-10-2020,3874,1556
500015,771,200610,29-05-2023,2227,1898
500016,33,200867,29-11-2021,4987,1990
500017,663,200443,18-07-2022,1433,1077
500018,987,200487,01-07-2020,4899,1176
500019,987,200908,03-12-2022,2294,1202
500020,503,200324,29-08-2022,2635,1451
500021,1405,200566,10-10-2023,4926,1147
500022,1344,200956,07-08-2021,2981,1626
500023,630,200373,10-07-2022,4650,1434
500024,76,200807,05-11-2022,1883,1681
500025,1226,200386,03-01-2020,1735,1654
500026,1333,200834,01-07-2022,1877,1327
500027,428,200746,09-12-2020,1558,1849
500028,1173,200901,07-07-2019,3131,1319
500029,804,200564,09-09-2023,2800,1305
500030,683,200916,09-09-2023,4413,1192
500031,803,200895,28-09-2021,4774,1967
500032,694,200655,02-10-2021,1883,1716
500033,1195,200560,12-09-2020,2387,1459
500034,94,200682,26-02-2024,3256,1826
500035,1422,200378,28-01-2024,2057,1367
500036,905,200404,06-06-2020,935,1064
500037,1154,200607,28-12-2021,2981,1747
500038,805,200838,21-04-2022,2387,1197
500039,32,200448,24-08-2023,3138,1794
500040,43,200730,31-12-2022,4998,1240
500041,1049,200992,17-09-2024,2336,1470
500042,645,200475,21-09-2023,3839,1433
500043,859,200651,18-02-2022,3839,1757
500044,972,200348,10-06-2021,1542,1569
500045,1386,200657,21-08-2021,3163,1193
500046,915,200702,02-12-2021,4974,1342
500047,571,200485,12-05-2021,2336,1770
500048,705,200737,18-05-2024,4293,1014
500049,738,200795,01-10-2019,3826,1893
500050,1005,200892,19-07-2019,3197,1537
500051,310,200372,07-08-2021,4212,1925
500052,870,200920,18-05-2024,3312,1691
500053,402,200636,07-12-2021,4206,1218
500054,1363,200433,22-10-2022,2981,1204
500055,234,200757,12-07-2020,3071,1366
500056,357,200820,20-11-2021,3312,1363
500057,915,200987,22-10-2022,4650,1177
500058,1232,200403,09-12-2020,3921,1858
500059,172,200721,02-04-2020,3822,1741
500060,1365,200558,13-03-2022,3181,1081
500061,979,200551,20-11-2021,3826,1787
500062,462,200324,28-01-2024,2112,1189
500063,437,200510,09-06-2022,1689,1623
500064,1179,200680,16-06-2020,4982,1160
500065,1364,200871,01-06-2023,2023,1692
500066,1269,200753,16-06-2020,4623,1866
500067,1097,200435,20-08-2020,4998,1945
500068,480,200942,22-03-2024,1877,1332
500069,856,200887,12-05-2021,2560,1247
500070,1085,200544,28-01-2024,3269,1333
500071,612,200737,26-06-2021,3360,1227
500072,385,200778,14-04-2023,2312,1135
500073,265,200729,14-03-2021,3999,1871
500074,574,200469,30-06-2020,4435,1202
500075,992,200700,01-07-2020,1735,1760
500076,398,200873,23-10-2020,3256,1740
500077,696,200575,17-06-2023,3722,1088
500078,436,200561,13-03-2022,3822,1392
500079,1062,200746,07-09-2024,3921,1231
500080,525,200987,24-12-2023,3181,1376
500081,1245,200970,05-12-2020,4986,1926
500082,1483,200450,11-02-2024,3564,1356
500083,1387,200954,23-11-2020,3131,1336
500084,1160,200410,18-12-2024,4713,1808
500085,1298,200870,29-08-2021,4764,1441
500086,425,200784,05-02-2024,3658,1300
500087,1218,200617,14-02-2021,3986,1594
500088,837,200735,05-07-2023,3896,1068
500089,569,200995,06-06-2020,1402,1251
500090,476,200541,07-07-2019,3999,1171
500091,541,200670,12-04-2024,4424,1270
500092,1217,200457,07-11-2020,1433,1847
500093,293,200590,22-10-2022,2560,1394
500094,101,200643,12-05-2021,3256,1080
500095,53,200353,01-07-2022,4942,1068
500096,1471,200793,01-11-2020,2635,1578
500097,310,200971,21-09-2023,3508,1204
500098,1220,200524,01-10-2019,935,1974
500099,1138,200913,28-01-2024,2370,1214
500100,933,200683,18-06-2019,2294,1869
500101,899,200379,14-03-2020,3577,1407
500102,1017,200354,03-02-2019,4899,1035
500103,1218,200598,23-12-2022,2560,1035
500104,437,200522,18-07-2022,3360,1716
500105,1120,200474,13-01-2023,1883,1623
500106,829,200960,29-08-2022,3940,1607
500107,1442,200329,10-12-2023,2112,1633
500108,1227,200746,25-11-2022,3826,1883
500109,1499,200992,08-05-2022,4764,1276
500110,696,200333,25-12-2020,4210,1299
500111,257,200696,26-10-2023,4177,1012
500112,26,200912,10-02-2023,3564,1225
500113,1449,200752,09-10-2019,3940,1536
500114,415,200786,02-06-2021,3349,1531
500115,1227,200677,30-06-2020,3131,1714
500116,405,200956,05-01-2021,3826,1895
500117,684,200526,03-01-2024,2654,1266
500118,1400,200432,01-09-2024,4774,1502
500119,343,200711,21-10-2023,4212,1818
500120,940,200502,10-12-2023,2480,1267
500121,987,200637,09-03-2021,4650,1691
500122,608,200667,21-04-2022,3999,1937
500123,747,200311,16-09-2022,1558,1100
500124,758,200374,20-10-2024,4177,1298
500125,923,200948,23-10-2020,3256,1281
500126,78,200316,09-09-2019,3269,1435
500127,327,200520,21-07-2021,2312,1988
500128,1485,200548,14-08-2021,4513,1039
500129,855,200826,01-05-2024,2704,1651
500130,675,200937,16-04-2021,2766,1868
500131,1183,200886,17-05-2023,3999,1493
500132,779,200672,03-02-2019,1433,1112
500133,801,200789,23-07-2019,3999,1106
500134,450,200757,21-10-2023,4713,1817
500135,382,200670,18-12-2023,2704,1272
500136,560,200716,07-09-2024,3874,1896
500137,1052,200903,03-12-2024,504,1091
500138,853,200573,17-01-2020,2968,1243
500139,1269,200932,01-05-2024,1809,1857
500140,1076,200382,26-10-2019,4764,1127
500141,931,200373,13-08-2020,3586,1094
500142,1202,200815,01-07-2019,2370,1094
500143,201,200860,21-12-2020,3564,1918
500144,617,200980,01-10-2024,4982,1926
500145,682,200341,09-10-2019,1883,1513
500146,1228,200905,17-05-2023,1735,1139
500147,100,200830,17-08-2022,4899,1918
500148,645,200850,18-06-2021,3131,1848
500149,236,200797,23-07-2019,1877,1839
500150,350,200745,02-09-2020,2387,1908
500151,1000,200855,11-03-2019,3138,1204
500152,1257,200521,03-02-2023,4899,1292
500153,1443,200400,01-03-2022,3722,1499
500154,1336,200385,13-03-2022,3822,1791
500155,691,200410,31-12-2022,1121,1344
500156,1010,200617,01-06-2023,4987,1636
500157,110,200564,19-01-2019,3586,1772
500158,6,200426,25-12-2020,1689,1508
500159,835,200646,06-08-2020,2766,1900
500160,268,200425,18-06-2021,3586,1986
500161,1256,200517,05-01-2021,1689,1075
500162,662,200800,09-06-2022,3643,1112
500163,1065,200881,25-12-2020,4591,1046
500164,1271,200637,01-10-2020,4413,1197
500165,461,200645,12-07-2020,3999,1270
500166,1107,200532,11-02-2024,4623,1866
500167,894,200633,27-07-2020,3131,1351
500168,1304,200835,27-12-2024,2800,1678
500169,898,200972,19-02-2024,2912,1178
500170,911,200828,31-01-2022,3451,1937
500171,917,200519,14-03-2020,3071,1746
500172,128,200853,04-05-2023,4206,1579
500173,1342,200421,03-07-2021,3658,1619
500174,106,200757,01-10-2020,3110,1142
500175,1038,200425,23-09-2024,4951,1883
500176,1001,200690,02-06-2022,3138,1351
500177,1139,200948,19-02-2024,3163,1054
500178,1112,200585,12-07-2020,2057,1755
500179,644,200468,21-08-2024,1877,1206
500180,1142,200967,29-11-2021,4188,1182
500181,33,200739,07-09-2024,3110,1281
500182,1065,200746,01-11-2024,3349,1997
500183,612,200374,16-04-2021,2800,1098
500184,616,200482,22-05-2020,1735,1524
500185,385,200389,28-12-2021,1558,1641
500186,459,200368,31-01-2022,2912,1439
500187,485,200394,09-06-2022,4601,1825
500188,748,200427,30-03-2023,2800,1370
500189,645,200686,30-06-2020,4998,1272
500190,1049,200502,17-09-2024,2480,1494
500191,478,200626,29-08-2022,3349,1463
500192,478,200929,23-06-2020,3722,1731
500193,1050,200676,30-06-2019,2968,1049
500194,1122,200412,09-03-2021,4704,1371
500195,358,200904,21-08-2021,3826,1528
500196,140,200509,14-05-2022,3269,1912
500197,708,200842,21-09-2023,4982,1648
500198,625,200705,21-08-2024,3826,1223
500199,1319,200807,19-01-2023,2312,1120
500200,812,200554,24-12-2023,935,1426
500201,1157,200912,18-06-2019,4424,1643
500202,28,200492,02-10-2021,3839,1522
500203,1486,200730,28-12-2021,4650,1961
500204,817,200792,07-12-2021,3138,1747
500205,1194,200945,21-04-2022,1433,1114
500206,544,200890,16-06-2020,3839,1217
500207,620,200394,14-08-2021,4177,1387
500208,1462,200897,01-05-2024,3197,1813
500209,1332,200846,27-06-2022,4774,1834
500210,56,200555,13-11-2022,3360,1759
500211,31,200837,22-10-2022,3071,1732
500212,585,200769,01-10-2024,2766,1272
500213,1239,200792,21-08-2024,4210,1731
500214,1012,200337,05-08-2019,1570,1166
500215,756,200522,23-07-2019,3999,1954
500216,365,200679,10-09-2021,3228,1281
500217,1119,200645,05-01-2021,2387,1851
500218,890,200337,19-01-2019,4774,1865
500219,127,200984,09-09-2019,4987,1228
500220,1374,200365,19-08-2023,4293,1051
500221,884,200387,26-10-2023,2560,1402
500222,530,200945,09-03-2021,3228,1478
500223,23,200342,01-11-2024,2912,1131
500224,790,200457,03-12-2022,3577,1093
500225,218,200525,08-10-2020,4650,1158
500226,425,200816,07-07-2019,4206,1856
500227,460,200761,23-12-2022,4895,1693
500228,505,200581,07-07-2019,3921,1240
500229,1129,200328,13-08-2020,4177,1479
500230,1414,200608,23-09-2024,4212,1009
500231,792,200569,05-07-2023,3577,1044
500232,1381,200680,25-11-2024,2387,1946
500233,603,200525,06-11-2023,1570,1049
500234,956,200367,21-09-2023,2635,1499
500235,1381,200655,04-05-2023,3138,1945
500236,1091,200330,28-01-2024,3256,1975
500237,1422,200920,09-09-2023,4986,1404
500238,79,200753,17-01-2020,2344,1990
500239,1133,200460,18-07-2020,3181,1641
500240,834,200789,07-12-2021,3349,1975
500241,945,200758,02-09-2023,3577,1559
500242,814,200526,13-11-2022,2231,1716
500243,170,200417,12-04-2024,2112,1516
500244,1138,200458,31-01-2022,3722,1143
500245,1252,200947,25-11-2024,3999,1999
500246,992,200719,01-07-2022,4210,1006
500247,1176,200322,09-09-2023,2344,1146
500248,764,200489,20-08-2020,2112,1954
500249,467,200851,01-09-2022,3643,1733
500250,1034,200433,26-03-2024,2336,1817
500251,22,200409,13-08-2020,2057,1444
500252,1066,200447,14-03-2020,3586,1315
500253,203,200563,21-09-2021,4951,1836
500254,597,200568,20-11-2021,3722,1940
500255,91,200644,24-07-2022,4212,1672
500256,810,200446,22-04-2021,4513,1029
500257,959,200304,01-03-2022,3011,1285
500258,809,200513,01-11-2024,3011,1102
500259,781,200309,25-12-2020,2480,1453
500260,69,200631,17-08-2022,935,1633
500261,448,200524,30-12-2019,2968,1767
500262,811,200571,31-01-2022,3986,1865
500263,18,200788,09-09-2019,935,1796
500264,653,200819,03-08-2022,3822,1588
500265,405,200635,22-10-2022,3011,1532
500266,563,200565,18-07-2020,3896,1801
500267,663,200854,25-03-2021,4650,1533
500268,1074,200342,23-06-2020,1558,1714
500269,1452,200929,08-05-2022,2689,1826
500270,567,200429,05-11-2021,4899,1163
500271,946,200805,30-05-2021,4591,1381
500272,779,200484,09-09-2023,2635,1650
500273,1055,200887,15-02-2020,3138,1357
500274,1494,200919,18-07-2020,4293,1981
500275,216,200652,20-08-2020,4177,1888
500276,1082,200961,13-03-2022,4601,1212
500277,185,200452,05-11-2022,3256,1303
500278,524,200568,26-04-2021,4774,1931
500279,303,200784,01-01-2023,3822,1469
500280,630,200474,18-12-2024,2766,1146
500281,1172,200329,26-03-2024,4974,1091
500282,641,200595,09-09-2019,3131,1483
500283,79,200886,01-05-2021,2560,1265
500284,707,200481,03-01-2024,2654,1135
500285,410,200387,14-02-2021,1890,1244
500286,1070,200515,01-06-2023,2704,1944
500287,116,200970,18-05-2024,3071,1865
500288,420,200449,25-11-2024,4974,1548
500289,164,200447,04-05-2023,4601,1794
500290,1083,200840,17-05-2023,2689,1448
500291,298,200670,18-06-2021,3197,1239
500292,669,200656,21-10-2023,4987,1231
500293,989,200654,07-07-2019,1440,1066
500294,1230,200535,25-03-2023,4623,1002
500295,388,200999,21-10-2023,2370,1686
500296,379,200584,26-03-2024,1735,1250
500297,799,200417,27-06-2022,4704,1117
500298,677,200302,01-09-2022,935,1906
500299,530,200577,19-02-2023,3360,1511
500300,979,200549,18-12-2024,4713,1846
500301,1427,200362,10-12-2022,4650,1566
500302,273,200682,06-06-2020,2968,1230
500303,248,200858,12-04-2024,4998,1051
500304,884,200703,07-04-2023,3577,1161
500305,797,200387,17-12-2020,2981,1469
500306,188,200609,14-02-2021,1689,1612
500307,300,200727,15-10-2021,3874,1543
500308,1019,200633,29-04-2022,4623,1692
500309,922,200719,30-05-2022,2912,1215
500310,438,200336,29-05-2023,2704,1824
500311,1392,200942,15-02-2020,2231,1414
500312,1443,200439,01-05-2021,2370,1496
500313,1117,200605,11-03-2023,3564,1964
500314,953,200550,14-05-2022,4210,1550
500315,888,200645,23-06-2020,4982,1953
500316,1191,200745,15-11-2019,3921,1082
500317,1474,200498,15-02-2020,4951,1819
500318,224,200935,06-08-2023,3508,1313
500319,1102,200838,27-02-2023,4000,1246
500320,207,200417,01-03-2022,3643,1628
500321,1196,200645,14-05-2022,2057,1248
500322,867,200386,28-09-2020,3451,1642
500323,1339,200878,05-10-2022,2231,1986
500324,697,200819,01-09-2022,1809,1462
500325,163,200499,13-08-2020,2227,1688
500326,164,200801,15-11-2019,2370,1295
500327,321,200919,03-08-2024,3896,1462
500328,1062,200395,26-03-2024,2654,1179
500329,634,200922,23-09-2024,3999,1781
500330,1122,200571,15-06-2022,4926,1193
500331,274,200805,15-04-2022,1809,1091
500332,1202,200369,25-11-2022,4899,1980
500333,316,200396,11-11-2019,4926,1088
500334,1139,200573,18-05-2024,2480,1506
500335,735,200826,21-12-2020,4713,1673
500336,632,200427,19-04-2024,3643,1413
500337,1290,200750,26-04-2021,2800,1881
500338,269,200678,03-02-2023,2294,1112
500339,1194,200352,05-08-2019,3269,1612
500340,919,200317,11-01-2020,2704,1954
500341,1098,200378,06-06-2020,3643,1824
500342,856,200358,07-12-2021,1420,1241
500343,935,200462,18-02-2022,3110,1476
500344,745,200641,14-09-2020,3256,1312
500345,53,200301,27-11-2019,3586,1298
500346,174,200975,09-08-2024,1121,1941
500347,644,200686,19-11-2023,1570,1229
500348,154,200422,17-12-2020,3269,1203
500349,890,200349,13-03-2022,4435,1212
500350,471,200929,23-11-2020,2480,1915
500351,1468,200713,18-06-2021,3839,1329
500352,1031,200827,10-12-2022,1890,1650
500353,1343,200480,19-04-2024,2635,1286
500354,778,200347,15-07-2023,2344,1128
500355,1282,200496,05-12-2020,3586,1287
500356,11,200927,18-12-2024,2057,1673
500357,1126,200420,27-11-2022,4177,1998
500358,598,200432,03-02-2023,4942,1891
500359,1257,200789,25-09-2021,1440,1606
500360,98,200449,24-07-2022,4513,1638
500361,1083,200904,21-09-2023,4974,1584
500362,783,200827,25-03-2021,3711,1153
500363,148,200708,13-07-2023,1402,1091
500364,410,200883,09-09-2019,3711,1794
500365,521,200956,23-11-2020,3722,1245
500366,1422,200738,03-08-2024,504,1581
500367,1029,200731,03-02-2019,1570,1502
500368,879,200937,13-07-2024,3131,1311
500369,565,200522,18-12-2023,3071,1377
500370,472,200316,04-02-2022,3896,1877
500371,1414,200525,03-02-2023,1890,1437
500372,745,200716,17-08-2022,3181,1025
500373,890,200349,24-08-2023,3564,1287
500374,460,200560,16-10-2020,1558,1954
500375,744,200615,02-10-2021,3011,1127
500376,1459,200760,26-05-2024,3360,1041
500377,1011,200403,29-08-2022,4974,1821
500378,489,200908,29-04-2022,3874,1798
500379,43,200908,09-04-2021,2689,1143
500380,478,200502,29-08-2022,2766,1816
500381,183,200754,26-03-2024,4591,1950
500382,1495,200472,13-03-2022,3451,1448
500383,900,200662,07-09-2024,4591,1664
500384,470,200868,13-08-2020,3312,1467
500385,670,200623,11-06-2019,504,1116
500386,1129,200607,04-10-2023,2023,1946
500387,954,200521,03-02-2023,4601,1503
500388,56,200641,15-02-2020,4704,1491
500389,1004,200949,21-08-2021,4774,1990
500390,733,200689,07-04-2023,3577,1123
500391,883,200514,15-11-2020,4986,1724
500392,252,200562,20-11-2021,1440,1794
500393,259,200917,24-12-2023,4206,1867
500394,737,200967,03-01-2020,2112,1408
500395,777,200525,01-04-2021,3228,1959
500396,1135,200790,11-03-2023,3131,1760
500397,1034,200504,20-08-2020,3826,1144
500398,202,200753,23-06-2020,3839,1761
500399,674,200818,26-10-2023,4591,1945
500400,191,200858,08-01-2024,3711,1912
500401,131,200791,12-05-2021,1883,1704
500402,776,200676,26-03-2022,3658,1143
500403,941,200802,19-07-2019,2387,1519
500404,920,200416,02-06-2021,2057,1040
500405,1120,200763,03-08-2022,3822,1023
500406,1271,200840,03-01-2020,4623,1395
500407,97,200493,28-12-2021,3197,1359
500408,149,200640,02-10-2021,3269,1432
500409,414,200319,10-09-2021,1420,1701
500410,964,200400,06-06-2020,3822,1378
500411,389,200906,18-02-2022,2336,1225
500412,1215,200817,05-11-2022,2023,1875
500413,589,200857,18-05-2024,4188,1042
500414,1331,200874,03-09-2021,3822,1808
500415,96,200568,01-06-2023,4942,1280
500416,233,200472,17-06-2023,3896,1643
500417,1264,200631,26-05-2024,3586,1821
500418,435,200351,14-02-2021,1420,1301
500419,858,200798,01-10-2020,2023,1341
500420,1145,200526,26-05-2024,2023,1180
500421,381,200890,30-03-2023,4188,1235
500422,1176,200397,25-12-2020,4212,1647
500423,1316,200611,03-02-2019,3349,1678
500424,447,200356,01-04-2021,4774,1275
500425,508,200460,19-07-2019,1689,1457
500426,1142,200809,01-10-2020,4601,1312
500427,1002,200779,29-05-2023,3349,1759
500428,310,200357,09-03-2021,1433,1721
500429,199,200423,01-12-2023,4623,1558
500430,364,200597,19-11-2023,3874,1757
500431,78,200813,10-07-2021,3658,1846
500432,939,200703,07-12-2021,4206,1284
500433,942,200563,12-10-2022,1883,1527
500434,989,200674,13-06-2021,1624,1176
500435,763,200592,17-10-2019,4206,1970
500436,1377,200688,26-10-2023,3874,1412
500437,1405,200339,20-07-2023,3940,1428
500438,213,200786,21-07-2021,4212,1712
500439,681,200634,05-11-2021,1689,1946
500440,394,200348,21-12-2020,3940,1163
500441,336,200879,01-07-2020,3658,1539
500442,5,200522,31-01-2022,4986,1015
500443,1179,200648,15-02-2020,1433,1541
500444,616,200559,09-04-2021,4987,1207
500445,1374,200427,10-12-2022,4987,1564
500446,198,200803,19-01-2023,4177,1577
500447,1043,200958,29-05-2023,1121,1447
500448,518,200489,23-10-2020,4986,1843
500449,408,200333,26-04-2021,3577,1345
500450,1385,200844,20-07-2023,2766,1052
500451,1493,200429,31-12-2022,3643,1068
500452,490,200819,14-03-2021,3312,1356
500453,74,200615,21-09-2023,2344,1814
500454,511,200733,01-05-2021,2023,1428
500455,271,200487,25-12-2020,4177,1745
500456,1446,200623,18-12-2023,2654,1894
500457,1218,200392,23-09-2024,1624,1001
500458,601,200497,29-08-2021,2344,1996
500459,1351,200541,13-03-2022,4986,1352
500460,432,200725,21-02-2020,3181,1743
500461,331,200484,02-09-2020,2480,1203
500462,318,200330,06-08-2023,4435,1535
500463,357,200662,01-09-2024,4000,1683
500464,159,200745,16-09-2022,1890,1666
500465,623,200836,11-01-2020,3360,1519
500466,1192,200660,07-04-2023,4424,1643
500467,1444,200853,13-07-2023,1440,1987
500468,1184,200638,28-01-2024,1883,1327
500469,447,200453,03-07-2021,3643,1963
500470,25,200881,01-09-2022,4926,1971
500471,290,200643,05-07-2023,3228,1482
500472,435,200724,16-06-2020,3940,1875
500473,754,200946,01-07-2022,2560,1244
500474,1214,200749,17-09-2024,2227,1731
500475,1229,200399,11-11-2019,4764,1111
500476,45,200648,12-10-2022,1890,1895
500477,38,200445,11-03-2023,2689,1519
500478,424,200845,15-06-2022,1809,1632
500479,603,200722,11-01-2020,4704,1149
500480,1087,200675,09-09-2019,2112,1133
500481,686,200301,01-10-2024,4513,1995
500482,944,200636,29-08-2021,2654,1036
500483,561,200553,18-12-2023,4210,1304
500484,1358,200998,21-12-2021,4899,1239
500485,114,200655,10-07-2021,4895,1528
500486,924,200788,25-03-2023,4293,1481
500487,24,200787,24-12-2023,3986,1076
500488,235,200609,09-06-2022,3349,1424
500489,579,200972,20-07-2023,1121,1120
500490,879,200506,01-10-2019,4974,1446
500491,78,200750,16-07-2021,3131,1764
500492,886,200732,01-05-2024,4206,1151
500493,759,200866,28-12-2021,3181,1824
500494,1339,200420,27-11-2019,2968,1844
500495,574,200508,08-01-2024,1809,1976
500496,953,200901,23-07-2019,4942,2000
500497,1227,200361,17-10-2019,3269,1795
500498,985,200363,07-08-2021,4998,1347
500499,178,200432,30-03-2023,3822,1854
500500,462,200872,03-02-2023,2312,1583
500501,1093,200825,11-03-2019,2981,1916
500502,748,200627,18-05-2024,4951,1319
500503,770,200953,22-03-2024,3986,1953
500504,232,200596,15-07-2023,4998,1185
500505,1432,200310,03-08-2024,2370,1904
500506,1311,200544,16-09-2022,2689,1324
500507,449,200995,06-08-2023,3269,1152
500508,1144,200830,13-07-2023,2981,1703
500509,204,200963,12-09-2020,4926,1498
500510,445,200836,28-09-2021,2689,1359
500511,1056,200409,18-06-2019,3110,1270
500512,232,200767,12-11-2024,4895,1653
500513,528,200816,11-01-2020,3586,1225
500514,145,200750,30-05-2022,4982,1592
500515,1075,200895,07-08-2021,2766,1299
500516,360,200902,21-08-2021,1542,1883
500517,937,200401,03-02-2023,1890,1088
500518,598,200543,01-11-2024,1558,1198
500519,1136,200437,10-07-2022,4942,1454
500520,1287,200877,11-03-2019,1735,1523
500521,1063,200636,16-10-2020,4413,1139
500522,1312,200632,16-04-2021,4513,1426
500523,984,200318,13-03-2022,3269,1971
500524,455,200687,09-04-2021,2968,1335
500525,1454,200371,30-03-2023,2635,1053
500526,170,200986,03-02-2019,3874,1342
500527,847,200354,06-08-2020,3564,1831
500528,586,200361,23-10-2020,4974,1570
500529,1097,200602,14-03-2021,2981,1900
500530,1301,200714,23-07-2019,4623,1500
500531,986,200839,01-06-2023,3577,1980
500532,153,200467,08-02-2020,3269,1749
500533,1186,200609,19-08-2023,2635,1586
500534,250,200358,18-06-2021,2704,1192
500535,1010,200729,29-05-2023,4764,1714
500536,647,200369,26-03-2024,4210,1148
500537,828,200525,18-06-2019,1420,1596
500538,182,200322,10-02-2023,1558,1069
500539,515,200997,10-06-2021,1809,1367
500540,940,200634,01-08-2020,2387,1716
500541,1002,200507,29-08-2022,4987,1146
500542,749,200917,31-12-2022,504,1908
500543,243,200846,12-05-2023,4895,1686
500544,907,200443,14-05-2022,3999,1026
500545,1107,200491,15-10-2021,4212,1456
500546,30,200632,05-10-2022,2344,1857
500547,895,200387,12-04-2024,2344,1248
500548,757,200578,07-09-2024,2912,1344
500549,1236,200535,18-05-2024,4413,1163
500550,49,200455,04-05-2023,1558,1188
500551,272,200878,21-02-2020,2294,1125
500552,777,200598,12-11-2024,2387,1783
500553,1110,200470,26-03-2024,4000,1230
500554,86,200355,04-05-2023,4704,1392
500555,1369,200492,18-07-2022,1570,1759
500556,1054,200829,10-02-2023,3986,1471
500557,229,200999,15-01-2024,4623,1701
500558,1462,200572,18-06-2021,3360,1409
500559,298,200850,08-05-2022,4774,1288
500560,532,200973,17-06-2023,4212,1525
500561,346,200405,21-06-2022,2560,1897
500562,184,200968,21-09-2021,1877,1844
500563,915,200431,17-09-2024,3138,1561
500564,817,200483,19-08-2023,4177,1465
500565,495,200894,21-10-2023,4895,1098
500566,1020,200552,03-02-2023,3312,1599
500567,1282,200871,01-05-2024,4998,1371
500568,447,200456,15-06-2022,1883,1768
500569,1138,200740,01-10-2019,3999,1656
500570,376,200348,06-01-2023,3586,1696
500571,1459,200882,06-11-2023,2968,1610
500572,1132,200767,29-11-2021,2654,1496
500573,1125,200560,20-10-2024,3822,1555
500574,1477,200454,19-01-2023,2231,1509
500575,698,200629,03-01-2020,3921,1743
500576,672,200814,16-10-2020,3826,1982
500577,1059,200775,01-08-2020,1735,1409
500578,322,200911,03-01-2024,2294,1529
500579,188,200496,28-09-2021,3312,1942
500580,1090,200688,01-10-2019,1433,1969
500581,1051,200680,28-01-2024,4293,1849
500582,1027,200922,27-02-2023,1624,1837
500583,1244,200889,15-11-2019,4513,1629
500584,167,200692,02-09-2023,1402,1313
500585,414,200412,31-01-2022,4982,1804
500586,392,200803,14-03-2020,2480,1076
500587,1303,200463,09-06-2022,3508,1145
500588,416,200661,02-10-2021,1570,1926
500589,163,200456,22-05-2020,1433,1395
500590,1160,200554,01-09-2024,935,1924
500591,534,200686,22-04-2021,1735,1679
500592,1497,200484,04-05-2023,504,1415
500593,294,200431,21-04-2022,4982,1095
500594,1288,200416,03-12-2024,4974,1283
500595,293,200524,07-09-2024,2387,1778
500596,163,200466,13-03-2022,2689,1150
500597,998,200970,18-05-2024,2800,1827
500598,129,200525,25-09-2021,4764,1773
500599,1297,200494,01-06-2023,3163,1341
500600,1351,200819,09-10-2019,2766,1493
500601,196,200730,01-09-2024,2227,1636
500602,992,200980,24-08-2023,2231,1396
500603,195,200507,18-05-2024,4000,1258
500604,21,200894,13-07-2024,3508,1687
500605,288,200887,26-03-2024,1689,1036
500606,1415,200562,01-08-2020,4435,1952
500607,464,200481,17-12-2020,2336,1052
500608,1149,200692,06-08-2020,3896,1194
500609,788,200737,14-08-2021,3586,1077
500610,626,200633,28-01-2024,3564,1337
500611,464,200968,21-09-2021,1809,1956
500612,503,200462,12-05-2021,3986,1240
500613,765,200786,23-09-2024,4435,1478
500614,821,200560,01-01-2023,4951,1567
500615,971,200873,19-11-2023,1877,1901
500616,1247,200800,03-12-2022,1420,1645
500617,1418,200854,28-09-2021,2800,1037
500618,669,200737,16-04-2021,4899,1725
500619,835,200494,15-02-2020,2023,1225
500620,1145,200760,17-12-2020,1570,1132
500621,811,200897,12-12-2024,935,1212
500622,251,200541,27-07-2020,3138,1425
500623,941,200443,03-07-2021,2654,1845
500624,42,200624,09-06-2022,1420,1010
500625,175,200996,02-06-2022,4623,1852
500626,1379,200771,11-03-2023,1624,1598
500627,1027,200758,10-12-2023,3822,1153
500628,733,200409,02-09-2023,3110,1821
500629,79,200410,16-06-2020,1402,1110
500630,209,200731,18-06-2019,1877,1417
500631,427,200948,17-06-2023,3451,1513
500632,1045,200984,03-12-2022,2981,1738
500633,187,200584,30-06-2024,3163,1292
500634,560,200332,23-12-2022,4982,1844
500635,723,200439,09-12-2020,1883,1012
500636,729,200983,01-11-2020,3999,1555
500637,650,200993,06-06-2020,4188,1995
500638,478,200408,10-10-2023,3269,1181
500639,61,200532,25-09-2021,4926,1302
500640,1201,200790,07-08-2021,4764,1268
500641,877,200518,03-01-2020,4982,1274
500642,336,200919,13-08-2020,4982,1020
500643,1151,200448,02-12-2021,2981,1970
500644,1441,200676,29-11-2021,3586,1888
500645,899,200768,03-07-2021,3312,1348
500646,468,200308,17-01-2020,3896,1102
500647,691,200552,11-11-2019,4713,1160
500648,474,200921,23-12-2022,4974,1163
500649,1491,200861,11-03-2023,4601,1618
500650,1125,200625,29-10-2021,4986,1445
500651,1283,200457,21-09-2023,2231,1482
500652,907,200880,11-01-2020,935,1349
500653,422,200760,10-02-2023,3011,1805
500654,1482,200908,05-11-2021,3564,1437
500655,894,200820,11-06-2019,1877,1827
500656,520,200742,03-02-2023,2370,1276
500657,383,200481,14-09-2020,4177,1880
500658,1493,200660,07-11-2020,1877,1136
500659,1287,200592,17-10-2019,4998,1932
500660,705,200651,17-12-2020,4206,1661
500661,357,200756,10-07-2022,4998,1531
500662,563,200729,26-03-2022,1570,1207
500663,1269,200970,27-07-2020,4982,1085
500664,1113,200301,31-01-2022,4774,1429
500665,651,200476,03-08-2024,4513,1584
500666,1289,200407,12-05-2023,3711,1491
500667,1492,200693,11-03-2023,2057,1720
500668,59,200302,19-07-2019,4293,1675
500669,206,200980,07-12-2021,1433,1712
500670,667,200326,21-08-2021,2057,1686
500671,75,200922,13-07-2024,504,1283
500672,937,200542,30-05-2022,4212,1123
500673,115,200847,30-06-2024,2968,1583
500674,183,200731,26-03-2022,1689,1837
500675,1454,200899,05-11-2021,3071,1234
500676,92,200516,12-04-2024,2800,1461
500677,310,200784,01-01-2023,4704,1077
500678,944,200446,13-01-2023,4650,1122
500679,1341,200997,09-12-2020,3138,1514
500680,1449,200559,23-06-2020,1883,1187
500681,774,200616,13-07-2023,3986,1984
500682,872,200873,28-09-2021,2112,1988
500683,1445,200510,07-09-2024,2560,1924
500684,534,200824,09-03-2024,3586,1113
500685,74,200624,13-08-2020,3896,1179
500686,402,200504,13-06-2021,2057,1309
500687,1341,200437,24-12-2023,3071,1454
500688,143,200802,09-10-2019,3011,1595
500689,1309,200574,11-06-2019,4513,1433
500690,226,200428,25-03-2023,2766,1600
500691,375,200305,03-08-2022,4413,1226
500692,454,200685,13-03-2022,3131,1826
500693,814,200347,20-08-2020,3131,1825
500694,264,200992,21-10-2023,3131,1032
500695,1434,200968,13-07-2024,2057,1011
500696,1082,200779,19-01-2023,4601,1018
500697,1424,200887,10-06-2021,3839,1146
500698,408,200658,06-01-2023,2689,1605
500699,819,200363,13-03-2022,4293,1635
500700,84,200673,21-10-2023,2480,1905
500701,1090,200791,04-05-2023,935,1107
500702,52,200539,08-02-2020,504,1210
500703,1223,200572,19-01-2023,2227,1919
500704,1280,200821,23-07-2019,2968,1197
500705,1000,200863,13-07-2024,3643,1522
500706,17,200444,11-02-2024,3839,1667
500707,295,200713,02-09-2020,3197,1992
500708,186,200963,01-11-2024,2370,1300
500709,18,200570,26-05-2024,1420,1235
500710,688,200587,09-09-2019,1883,1411
500711,954,200753,26-03-2024,4987,1983
500712,893,200555,17-05-2023,4188,1746
500713,1013,200320,15-04-2022,2112,1700
500714,544,200466,01-11-2019,2560,1544
500715,485,200847,23-12-2022,3986,1108
500716,1369,200351,03-02-2023,4188,1118
500717,1320,200513,02-04-2020,3921,1645
500718,1382,200428,19-08-2023,3349,1035
500719,63,200411,09-04-2021,2480,1685
500720,230,200488,15-11-2020,2370,1534
500721,64,200329,17-05-2023,1542,1906
500722,106,200356,07-11-2020,2560,1905
500723,120,200579,23-10-2020,2370,1159
500724,1239,200311,05-08-2019,4998,1082
500725,1299,200820,03-08-2022,3451,1395
500726,1273,200788,29-08-2021,4713,1673
500727,829,200680,21-09-2021,2654,1184
500728,1111,200737,10-08-2023,3110,1756
500729,1461,200422,04-05-2023,1890,1709
500730,350,200343,14-08-2021,4435,1947
500731,610,200470,13-07-2023,4000,1470
500732,1208,200877,27-11-2019,2560,1787
500733,1379,200666,29-11-2021,3986,1246
500734,242,200942,12-11-2024,504,1199
500735,837,200906,24-08-2023,1883,1070
500736,130,200600,27-11-2022,2294,1725
500737,1341,200553,07-08-2021,3822,1542
500738,1037,200896,19-01-2020,3256,1666
500739,286,200713,05-02-2024,4926,1410
500740,933,200987,12-05-2023,4513,1861
500741,108,200853,23-07-2019,4974,1045
500742,290,200502,02-09-2023,3197,1183
500743,1148,200985,08-05-2022,3011,1613
500744,1389,200638,29-08-2022,1433,1961
500745,160,200529,12-09-2020,4951,1302
500746,1131,200723,28-01-2024,2344,1040
500747,1355,200984,13-08-2020,3822,1816
500748,37,200627,21-04-2022,3564,1335
500749,708,200301,04-02-2022,2227,1123
500750,751,200360,12-04-2024,3826,1666
500751,909,200912,14-08-2021,4591,1624
500752,990,200742,01-06-2023,2312,1911
500753,1450,200627,15-11-2019,3839,1079
500754,1010,200577,30-06-2020,2981,1115
500755,1380,200470,27-07-2020,2112,1115
500756,1117,200340,28-01-2024,2231,1441
500757,692,200520,09-04-2021,2654,1223
500758,1491,200312,07-11-2020,1542,1226
500759,179,200811,06-06-2020,3999,1924
500760,187,200305,26-04-2021,1809,1166
500761,1104,200328,19-07-2019,1558,1475
500762,226,200582,04-05-2023,2231,1767
500763,1077,200902,17-05-2023,3360,1040
500764,1287,200447,12-09-2020,1570,1208
500765,6,200949,23-10-2020,3986,1560
500766,1295,200661,13-11-2022,2968,1472
500767,790,200891,29-08-2022,4713,1440
500768,142,200583,23-10-2020,2294,1248
500769,309,200430,09-03-2024,2689,1425
500770,396,200586,27-06-2022,4895,1392
500771,716,200698,06-01-2023,4424,1536
500772,325,200747,21-06-2022,4764,1224
500773,1245,200631,05-11-2021,1558,1322
500774,586,200519,05-07-2023,3349,1393
500775,1426,200946,31-01-2022,2112,1205
500776,1029,200350,01-09-2024,3586,1938
500777,760,200759,25-09-2021,3986,1482
500778,1096,200701,18-12-2023,4650,1962
500779,1462,200613,28-12-2021,3896,1891
500780,1150,200813,28-12-2021,4210,1017
500781,57,200689,01-09-2022,3349,1298
500782,85,200416,26-02-2024,2227,1072
500783,479,200736,19-11-2023,3643,1998
500784,1354,200672,01-09-2022,4713,1997
500785,1232,200588,03-02-2019,4435,1783
500786,990,200514,30-06-2024,3658,1853
500787,182,200429,21-02-2020,2981,1778
500788,1379,200552,01-11-2019,2480,1663
500789,1247,200608,03-12-2022,4704,1226
500790,605,200833,18-05-2024,4895,1673
500791,56,200482,19-04-2024,1877,1489
500792,502,200653,29-08-2021,1877,1430
500793,804,200911,09-12-2020,2023,1060
500794,1173,200442,01-10-2022,3577,1553
500795,833,200835,25-03-2023,4210,1999
500796,292,200453,26-10-2019,4704,1162
500797,418,200912,29-08-2022,2635,1971
500798,1193,200465,29-11-2021,3071,1503
500799,195,200549,13-03-2022,1121,1703
500800,857,200486,04-05-2023,4601,1595
500801,253,200384,09-12-2020,1440,1914
500802,647,200790,01-07-2022,2312,1651
500803,1031,200306,21-02-2020,1542,1089
500804,236,200759,20-10-2024,3826,1576
500805,649,200729,09-03-2021,2387,1362
500806,700,200498,01-10-2024,3586,1518
500807,1268,200317,30-12-2019,1735,1618
500808,727,200919,10-07-2021,2968,1198
500809,1371,200991,09-08-2024,2336,1329
500810,480,200958,16-07-2021,3349,1547
500811,681,200636,20-08-2020,4293,1322
500812,555,200962,11-03-2019,4212,1273
500813,1157,200555,12-11-2024,4974,1738
500814,1332,200461,03-01-2020,1542,1531
500815,1197,200800,02-09-2020,4206,1104
500816,760,200879,06-08-2023,1809,1279
500817,863,200557,15-10-2021,3197,1684
500818,502,200792,26-10-2019,2981,1884
500819,937,200919,01-04-2021,4764,1113
500820,970,200680,02-09-2023,3312,1099
500821,1002,200381,26-04-2021,4513,1884
500822,8,200866,21-10-2023,4982,1478
500823,684,200931,03-12-2024,3131,1774
500824,69,200379,01-07-2022,2370,1178
500825,184,200952,15-11-2019,1433,1054
500826,647,200539,02-09-2023,3986,1204
500827,298,200905,13-07-2024,4435,1539
500828,215,200406,21-12-2021,4601,1390
500829,464,200750,09-10-2019,3131,1416
500830,1132,200373,13-07-2023,2023,1049
500831,277,200663,19-01-2019,4188,1195
500832,1110,200997,09-04-2021,504,1334
500833,127,200664,01-10-2020,4764,1488
500834,1002,200859,21-06-2022,3071,1191
500835,130,200807,06-08-2020,3839,1115
500836,1085,200512,26-03-2022,1890,1474
500837,1268,200770,26-02-2024,4177,1273
500838,552,200718,19-04-2024,2560,1773
500839,1022,200325,10-12-2023,4713,1606
500840,395,200866,28-09-2021,1440,1334
500841,694,200659,19-04-2024,4986,1582
500842,1213,200691,27-11-2019,2112,1706
500843,913,200405,28-09-2021,4986,1265
500844,317,200373,20-08-2020,3658,1951
500845,1453,200566,14-04-2023,3312,1853
500846,928,200576,29-04-2022,3197,1829
500847,450,200592,03-12-2024,2981,1679
500848,1467,200565,11-11-2019,4764,1144
500849,1072,200921,03-12-2024,2057,1619
500850,862,200679,03-08-2022,2112,1489
500851,176,200737,19-01-2020,4601,1613
500852,1233,200903,06-06-2020,2057,1559
500853,415,200926,12-04-2024,4210,1337
500854,557,200911,21-09-2023,3986,1024
500855,822,200326,21-07-2021,3822,1567
500856,692,200654,03-02-2023,2480,1236
500857,384,200619,26-02-2024,2654,1317
500858,1131,200576,02-06-2022,3228,1314
500859,734,200989,09-09-2019,3896,1152
500860,233,200633,12-09-2020,4000,1458
500861,1232,200902,01-10-2020,1433,1924
500862,434,200570,15-07-2023,4513,1273
500863,611,200343,27-07-2020,3110,1390
500864,417,200444,12-05-2023,3564,1600
500865,1185,200624,20-07-2023,4998,1695
500866,7,200581,26-02-2024,4982,1227
500867,222,200750,10-08-2023,3839,1339
500868,1090,200886,10-12-2022,3011,1421
500869,996,200655,28-01-2024,3940,1906
500870,30,200983,17-10-2019,935,1724
500871,1034,200850,21-09-2021,4424,1633
500872,915,200654,16-09-2021,1877,1900
500873,992,200424,09-09-2019,3163,1624
500874,185,200650,29-10-2021,1890,1306
500875,500,200948,14-04-2023,2387,1629
500876,470,200542,06-08-2023,2344,1078
500877,1042,200877,21-06-2022,4942,1731
500878,1067,200810,16-09-2022,3360,1214
500879,1289,200874,19-04-2024,2912,1450
500880,1273,200698,19-07-2019,3564,1491
500881,151,200365,19-02-2023,4177,1247
500882,1404,200379,14-05-2022,4000,1116
500883,348,200346,09-08-2024,3163,1738
500884,1002,200493,14-03-2020,2227,1123
500885,463,200327,01-07-2022,2312,1704
500886,426,200716,01-05-2021,3940,1205
500887,166,200751,21-04-2022,3577,1757
500888,711,200759,07-04-2023,4764,1234
500889,21,200806,05-11-2022,4424,1486
500890,292,200741,12-04-2024,3312,1343
500891,1490,200455,18-07-2020,4982,1371
500892,549,200636,08-01-2024,2023,1279
500893,84,200900,03-08-2022,2112,1874
500894,1406,200795,19-01-2019,2968,1707
500895,531,200501,03-02-2020,4650,1473
500896,817,200756,16-06-2020,3921,1649
500897,979,200928,14-03-2021,504,1490
500898,1019,200935,13-07-2023,4601,1663
500899,188,200859,17-12-2020,1883,1692
500900,575,200607,09-09-2019,4513,1334
500901,393,200671,27-06-2022,3986,1031
500902,771,200497,19-04-2024,2635,1696
500903,949,200702,14-03-2021,4435,1557
500904,1461,200468,30-05-2021,3011,1225
500905,255,200479,01-01-2023,3711,1782
500906,199,200731,18-06-2021,2312,1112
500907,576,200994,05-07-2023,2227,1216
500908,474,200632,29-08-2022,4951,1398
500909,1302,200905,12-04-2024,2800,1530
500910,393,200477,14-08-2021,3896,1094
500911,351,200619,23-06-2020,4650,1110
500912,18,200762,11-03-2019,2766,1408
500913,426,200440,19-01-2020,3349,1407
500914,864,200720,01-01-2023,3722,1332
500915,1108,200602,01-01-2023,4293,1595
500916,1212,200724,21-09-2021,3826,1173
500917,101,200418,23-09-2024,4987,1181
500918,952,200450,03-02-2019,935,1014
500919,314,200696,08-02-2020,4413,1638
500920,605,200901,06-08-2023,4774,1250
500921,189,200917,05-12-2020,2635,1011
500922,1211,200520,18-12-2024,3451,1180
500923,704,200304,06-08-2020,4435,1545
500924,1438,200907,15-07-2023,3181,1805
500925,1167,200627,01-10-2024,4986,1391
500926,961,200438,02-09-2023,2231,1540
500927,1264,200836,24-12-2023,3451,1284
500928,892,200536,07-07-2019,3011,1800
500929,1308,200531,18-06-2021,4212,1766
500930,1349,200378,04-05-2023,4982,1952
500931,662,200992,23-12-2022,3822,1639
500932,291,200385,07-08-2021,4951,1099
500933,1368,200963,30-07-2022,3131,1916
500934,296,200477,06-06-2020,3228,1077
500935,1451,200612,28-09-2021,1877,1563
500936,804,200480,13-11-2022,504,1733
500937,196,200533,23-07-2019,4513,1735
500938,1029,200668,05-12-2020,4650,1641
500939,1421,200511,16-09-2021,4188,1659
500940,277,200637,14-09-2020,3658,1725
500941,1107,200608,15-06-2022,4210,1625
500942,852,200699,19-02-2024,3197,1633
500943,211,200730,15-10-2021,3110,1386
500944,1131,200680,26-10-2019,1877,1398
500945,1240,200568,08-10-2020,3577,1666
500946,1130,200661,01-07-2022,3360,1217
500947,119,200443,16-07-2021,3577,1216
500948,583,200911,20-08-2020,2231,1503
500949,1182,200729,05-01-2021,1809,1262
500950,605,200377,27-12-2024,4974,1730
500951,570,200703,10-12-2022,3269,1876
500952,650,200475,01-10-2020,2704,1819
500953,832,200990,30-06-2019,1809,1879
500954,1141,200393,01-10-2019,4212,1062
500955,64,200899,19-04-2024,2312,1046
500956,339,200843,01-11-2019,2370,1963
500957,635,200478,19-07-2019,3940,1737
500958,220,200423,28-12-2021,3986,1662
500959,68,200961,04-02-2022,4413,1375
500960,717,200407,18-07-2020,3451,1006
500961,85,200799,01-08-2020,4774,1343
500962,64,200382,22-10-2022,3839,1979
500963,681,200518,17-05-2023,4513,1235
500964,527,200320,16-07-2021,1121,1472
500965,1375,200932,29-08-2022,4513,1517
500966,237,200527,04-10-2023,3999,1087
500967,103,200802,01-06-2019,1570,1382
500968,976,200610,10-07-2022,504,1363
500969,1085,200919,11-06-2019,4513,1701
500970,296,200726,17-06-2023,2294,1223
500971,20,200539,15-11-2020,4623,1299
500972,844,200771,25-03-2021,4206,1937
500973,475,200715,03-12-2024,4212,1499
500974,410,200400,30-12-2019,4986,1134
500975,810,200867,26-02-2024,2800,1821
500976,1195,200868,10-07-2021,2387,1213
500977,930,200613,22-10-2022,4704,1373
500978,1037,200385,19-11-2023,3822,1303
500979,466,200623,21-02-2020,4177,1532
500980,727,200982,22-03-2024,2654,1405
500981,373,200321,19-02-2024,4623,1690
500982,26,200447,14-05-2022,4986,1020
500983,785,200816,07-09-2024,3181,1935
500984,628,200839,10-10-2023,3896,1300
500985,1438,200993,01-05-2021,3940,1091
500986,1317,200372,13-06-2021,2344,1461
500987,199,200640,01-05-2024,4212,1490
500988,876,200774,25-12-2020,2635,1380
500989,835,200391,07-12-2021,3228,1696
500990,1035,200357,25-11-2024,1809,1806
500991,1063,200604,02-06-2021,3451,1722
500992,924,200912,06-08-2023,3071,1799
500993,378,200462,07-07-2019,4424,1839
500994,351,200636,02-12-2021,504,1337
500995,1464,200640,05-02-2024,1420,1973
500996,1483,200617,02-12-2021,2294,1766
500997,383,200653,02-04-2020,4942,1863
500998,859,200896,12-05-2021,4974,1177
500999,705,200679,30-05-2022,4774,1091
501000,1212,200861,10-12-2023,3577,1576
501001,443,200440,01-12-2023,3131,1117
501002,39,200954,05-12-2020,4188,1074
501003,180,200763,29-11-2021,4998,1590
501004,1078,200930,09-12-2020,2654,1288
501005,1199,200481,01-12-2023,3508,1602
501006,587,200504,30-06-2020,2112,1983
501007,894,200880,18-06-2021,4942,1250
501008,3,200475,18-02-2022,3999,1278
501009,1388,200318,05-12-2020,4601,1205
501010,1058,200925,18-12-2023,4650,1893
501011,1369,200728,08-02-2020,3071,1321
501012,911,200494,16-07-2021,2227,1531
501013,251,200596,05-02-2024,3360,1253
501014,646,200606,10-12-2022,2112,1759
501015,99,200564,13-07-2024,3940,1425
501016,975,200410,18-02-2022,3228,1353
501017,1493,200446,10-12-2023,3197,1036
501018,1266,200414,25-11-2024,935,1190
501019,361,200455,23-11-2020,4413,1003
501020,514,200755,13-06-2021,4000,1631
501021,237,200762,26-05-2024,4895,1493
501022,991,200628,04-05-2023,2294,1721
501023,308,200620,13-07-2023,1542,1528
501024,1321,200386,11-11-2019,4413,1501
501025,1444,200949,26-03-2024,2800,1761
501026,585,200617,19-02-2024,4413,1893
501027,1278,200805,08-02-2020,3586,1676
501028,782,200900,26-02-2024,3256,1875
501029,134,200510,08-10-2020,2968,1407
501030,1241,200360,26-02-2024,2800,1422
501031,367,200359,22-10-2022,4212,1779
501032,250,200666,03-02-2020,2023,1513
501033,1153,200907,20-10-2024,2057,1055
501034,938,200530,18-07-2022,4942,1087
501035,475,200729,06-06-2020,2635,1128
501036,998,200849,15-01-2024,4986,1045
501037,702,200304,05-07-2023,3564,1239
501038,530,200864,22-03-2024,4591,1070
501039,922,200581,01-06-2023,2112,1523
501040,722,200674,08-05-2022,1440,1130
501041,629,200859,21-10-2023,1809,1989
501042,1032,200319,29-04-2022,935,1612
501043,1411,200935,03-02-2023,3256,1032
501044,1007,200449,09-04-2021,3508,1706
501045,756,200720,04-05-2023,3349,1051
501046,1284,200777,28-09-2020,4413,1326
501047,598,200612,19-01-2023,2912,1918
501048,1077,200927,05-07-2023,2654,1307
501049,342,200467,03-02-2020,4591,1812
501050,1494,200884,05-12-2020,3577,1041
501051,768,200519,01-06-2023,4513,1242
501052,709,200655,16-07-2021,3722,1495
501053,734,200691,29-11-2021,504,1778
501054,468,200750,08-01-2024,3131,1472
501055,603,200444,30-05-2021,4413,1569
501056,1368,200967,01-10-2020,4951,1279
501057,539,200974,22-04-2021,3722,1500
501058,423,200817,03-02-2019,1883,1850
501059,351,200620,01-12-2023,2560,1146
501060,71,200865,03-09-2021,4951,1050
501061,309,200766,07-11-2020,2654,1262
501062,1294,200765,25-11-2024,4177,1233
501063,1220,200507,06-06-2020,3349,1229
501064,818,200515,25-12-2020,2231,1987
501065,164,200516,29-08-2022,2057,1781
501066,1226,200538,07-09-2024,4982,1137
501067,897,200757,04-02-2022,2689,1546
501068,861,200730,30-07-2022,3921,1081
501069,588,200909,11-03-2023,3071,1084
501070,147,200868,10-02-2023,3360,1250
501071,1162,200697,01-06-2023,3874,1027
501072,311,200654,21-04-2022,4982,1042
501073,307,200483,18-12-2023,3228,1967
501074,791,200742,01-07-2022,2689,1457
501075,1463,200686,18-12-2023,3711,1797
501076,708,200874,18-05-2024,1890,1163
501077,196,200520,14-03-2020,3110,1079
501078,343,200662,29-04-2022,2344,1759
501079,609,200423,01-03-2022,4895,1313
501080,201,200906,23-06-2020,3011,1634
501081,1041,200861,07-04-2023,3896,1629
501082,1384,200806,03-02-2019,3138,1215
501083,442,200334,27-02-2023,2294,1543
501084,817,200367,19-07-2019,2560,1049
501085,1134,200311,25-12-2020,3312,1927
501086,844,200453,10-08-2023,2294,1502
501087,882,200495,18-07-2020,4974,1414
501088,1058,200704,21-12-2020,4293,1650
501089,1169,200823,20-07-2023,4000,1072
501090,178,200459,27-12-2024,4899,1253
501091,1180,200927,12-07-2020,4206,1320
501092,585,200609,08-02-2020,3138,1630
501093,1452,200858,11-01-2020,2057,1072
501094,584,200546,05-12-2020,4212,1097
501095,775,200622,18-05-2024,4206,1299
501096,1452,200818,01-05-2021,3586,1900
501097,797,200848,15-01-2024,4986,1386
501098,389,200415,14-04-2023,3138,1911
501099,190,200432,10-10-2023,3312,1052
501100,284,200864,18-12-2023,3256,1029
501101,210,200530,03-08-2024,2370,1173
501102,608,200969,12-05-2023,2387,1945
501103,719,200318,05-08-2019,4188,1301
501104,1062,200729,19-04-2024,3839,1188
501105,1188,200475,13-07-2023,4899,1218
501106,450,200728,13-01-2023,2023,1262
501107,564,200575,14-03-2020,1624,1203
501108,237,200391,29-10-2021,3256,1528
501109,1192,200818,30-06-2020,1433,1723
501110,983,200590,06-08-2020,2312,1109
501111,1124,200320,05-08-2019,3586,1905
501112,847,200787,09-08-2024,2023,1621
501113,1270,200662,09-04-2021,4650,1442
501114,906,200814,01-11-2020,4591,1787
501115,511,200430,03-09-2021,4951,1632
501116,124,200812,18-12-2024,2689,1828
501117,744,200370,13-07-2023,2968,1817
501118,203,200729,30-06-2019,3451,1506
501119,101,200732,03-09-2021,2635,1899
501120,17,200678,30-06-2024,3711,1313
501121,1434,200673,06-08-2023,4623,1130
501122,661,200442,15-10-2021,3643,1114
501123,900,200797,16-07-2021,2968,1396
501124,1290,200643,02-06-2021,3508,1273
501125,1228,200393,24-08-2023,1570,1642
501126,87,200308,08-10-2020,4591,1605
501127,1485,200827,30-06-2020,1735,1853
501128,234,200651,20-10-2024,2912,1328
501129,750,200771,23-10-2020,2560,1516
501130,1238,200949,01-04-2021,4982,1800
501131,171,200652,28-09-2020,3197,1192
501132,580,200756,10-08-2023,3197,1259
501133,268,200982,10-06-2021,1402,1504
501134,1040,200861,01-05-2021,4000,1326
501135,98,200376,28-09-2020,1883,1970
501136,466,200313,20-10-2024,1121,1629
501137,1053,200877,10-08-2023,4210,1015
501138,949,200629,09-09-2023,4982,1192
501139,1487,200788,03-09-2021,2344,1905
501140,729,200861,10-12-2022,4601,1614
501141,795,200870,10-07-2022,2800,1859
501142,513,200975,14-03-2020,3138,1228
501143,218,200388,03-08-2024,1809,1551
501144,1186,200450,21-06-2022,4591,1619
501145,834,200454,03-08-2024,4650,1493
501146,563,200513,20-11-2021,2689,1994
501147,588,200367,01-06-2019,3896,1985
501148,775,200419,13-08-2020,4293,1565
501149,1178,200356,19-11-2023,2800,1228
501150,84,200344,09-09-2023,1883,1192
501151,1296,200838,01-10-2020,1890,1965
501152,137,200792,26-05-2024,3228,1761
501153,203,200816,26-05-2024,2654,1234
501154,647,200820,10-12-2022,3658,1220
501155,568,200949,07-09-2024,3658,1135
501156,709,200731,09-09-2019,4926,1832
501157,1291,200421,26-04-2021,3826,1405
501158,732,200410,01-04-2021,2704,1576
501159,442,200763,06-08-2023,3256,1992
501160,1034,200327,19-02-2024,2112,1547
501161,608,200405,05-10-2022,2654,1131
501162,19,200359,05-11-2021,2981,1513
501163,517,200524,01-11-2019,3256,1774
501164,834,200806,29-08-2021,2387,1038
501165,349,200719,02-09-2020,2294,1871
501166,1482,200478,12-09-2020,4591,1736
501167,1313,200938,02-06-2021,4513,1134
501168,994,200321,10-07-2022,3131,1834
501169,73,200972,17-05-2023,2387,1414
501170,993,200518,29-08-2021,4942,1936
501171,1195,200534,19-04-2024,3349,1409
501172,315,200417,27-06-2022,2023,1498
501173,679,200374,08-11-2024,1433,1144
501174,60,200967,24-08-2023,3940,1467
501175,589,200324,18-07-2022,3163,1398
501176,235,200886,30-07-2022,4413,1362
501177,581,200346,03-01-2024,4435,1438
501178,726,200487,26-03-2024,4212,1059
501179,910,200370,15-10-2021,3874,1360
501180,737,200928,12-12-2024,2336,1257
501181,173,200353,09-09-2019,2968,1809
501182,1359,200781,12-11-2024,1877,1412
501183,767,200838,07-12-2021,3071,1912
501184,372,200787,27-11-2022,4413,1674
501185,881,200773,13-11-2022,3181,1377
501186,1472,200480,19-08-2023,3138,1962
501187,34,200448,20-08-2020,4206,1296
501188,160,200329,09-03-2021,3508,1199
501189,74,200888,26-03-2022,1440,1232
501190,156,200697,10-09-2021,2689,1053
501191,1122,200734,09-12-2020,3921,1244
501192,800,200791,01-04-2021,2968,1598
501193,581,200983,17-09-2024,3228,1721
501194,1321,200468,17-12-2020,2023,1439
501195,138,200835,17-06-2023,3312,1773
501196,615,200990,21-12-2020,3163,1230
501197,1312,200459,23-09-2024,2635,1753
501198,966,200690,17-06-2023,4424,1854
501199,343,200669,11-02-2024,1402,1174
501200,73,200660,26-06-2021,3874,1923
501201,695,200827,06-06-2020,2023,1690
501202,1354,200508,09-06-2022,4986,1032
501203,340,200907,24-12-2023,3256,1087
501204,293,200675,17-05-2023,1402,1456
501205,1019,200915,25-09-2021,4210,1319
501206,86,200679,07-08-2021,4974,1808
501207,961,200514,03-01-2024,4293,1484
501208,955,200598,07-12-2021,2689,1001
501209,597,200602,21-10-2023,3999,1817
501210,848,200717,01-04-2021,3822,1755
501211,1037,200956,10-08-2023,1624,1218
501212,1002,200609,18-02-2022,1890,1235
501213,1235,200781,11-03-2019,3451,1884
501214,910,200412,05-08-2019,3986,1078
501215,552,200938,03-08-2024,3722,1166
501216,390,200651,25-12-2020,3586,1304
501217,354,200773,18-02-2022,504,1857
501218,337,200848,10-09-2021,4513,1969
501219,122,200325,01-05-2024,3643,1869
501220,474,200919,21-09-2023,4713,1926
501221,673,200426,23-09-2024,2231,1428
501222,464,200791,03-09-2021,1877,1451
501223,322,200946,12-10-2022,3577,1204
501224,1437,200624,11-11-2019,2023,1623
501225,333,200823,03-02-2023,4591,1257
501226,1002,200990,26-02-2024,4982,1285
501227,469,200838,09-06-2022,4764,1689
501228,730,200520,05-12-2020,2635,1312
501229,1069,200403,03-07-2021,2800,1212
501230,72,200637,18-12-2024,4974,1097
501231,1184,200341,09-06-2022,4713,1097
501232,1155,200362,18-12-2024,2800,1509
501233,372,200916,05-01-2021,4188,1195
501234,778,200722,09-12-2020,2057,1742
501235,43,200356,10-10-2023,2370,1518
501236,1438,200825,04-05-2023,2800,1872
501237,1174,200331,01-08-2020,1402,1370
501238,902,200463,23-10-2020,1877,1100
501239,881,200831,01-03-2022,4212,1087
501240,1397,200535,03-01-2020,2635,1419
501241,380,200634,03-12-2024,2480,1909
501242,1308,200642,14-08-2021,4899,1173
501243,179,200969,03-01-2024,2227,1877
501244,386,200541,12-11-2024,4206,1005
501245,449,200963,03-09-2021,3451,1455
501246,747,200806,05-01-2021,3839,1302
501247,440,200641,14-08-2021,1877,1523
501248,1418,200628,18-06-2021,2800,1338
501249,994,200421,10-07-2022,4774,1672
501250,735,200726,01-07-2019,1433,1968
501251,1333,200596,26-03-2022,3349,1291
501252,777,200782,01-05-2021,3564,1052
501253,886,200623,19-07-2019,4764,1416
501254,1275,200690,01-06-2019,1735,1800
501255,394,200547,01-11-2020,2312,1179
501256,217,200847,07-07-2019,3826,1753
501257,483,200968,23-06-2020,2387,1376
501258,269,200773,26-03-2022,2912,1301
501259,1420,200567,12-10-2022,1121,1721
501260,421,200310,15-11-2020,2336,1718
501261,1072,200765,23-10-2020,4764,1906
501262,572,200961,05-12-2020,2981,1696
501263,247,200426,15-07-2023,3826,1847
501264,485,200663,19-01-2020,2912,1311
501265,1000,200660,02-09-2023,3711,1041
501266,1402,200591,29-08-2022,2912,1089
501267,1327,200471,01-08-2020,3181,1181
501268,1486,200663,15-04-2022,4177,1841
501269,579,200368,08-05-2022,3921,1251
501270,1328,200349,30-06-2019,4713,1090
501271,1208,200355,23-11-2020,4986,1159
501272,993,200305,05-08-2019,4926,1154
501273,737,200751,21-08-2021,2344,1631
501274,54,200619,02-06-2022,3874,1663
501275,166,200505,28-01-2024,3138,1168
501276,435,200418,21-09-2021,4293,1205
501277,328,200817,11-03-2023,1558,1106
501278,393,200544,11-03-2023,1877,1772
501279,454,200577,23-09-2024,1121,1236
501280,374,200820,15-11-2019,4601,1789
501281,769,200429,01-09-2024,2387,1179
501282,713,200914,03-02-2023,3451,1829
501283,1320,200736,09-10-2019,3508,1513
501284,1111,200371,25-09-2021,4895,1795
501285,13,200652,01-04-2021,3256,1347
501286,432,200753,26-05-2024,3138,1051
501287,272,200752,01-06-2019,3269,1294
501288,249,200389,17-05-2023,4623,1260
501289,193,200326,23-06-2020,1735,1367
501290,1091,200993,09-09-2019,4435,1111
501291,878,200722,26-03-2024,3658,1781
501292,1383,200573,17-10-2019,4424,1282
501293,630,200594,06-08-2020,935,1982
501294,249,200563,03-02-2019,1558,1510
501295,832,200462,03-01-2020,3564,1433
501296,980,200629,04-10-2023,1883,1974
501297,1484,200604,29-05-2023,3360,1741
501298,885,200511,03-01-2020,1890,1248
501299,355,200614,16-09-2021,2112,1347
501300,1321,200711,08-05-2022,1809,1984
501301,1085,200627,01-12-2023,3349,1180
501302,380,200887,09-05-2024,1890,1107
501303,474,200988,13-06-2021,2560,1150
501304,1258,200367,20-11-2021,2370,1604
501305,1067,200910,03-01-2024,3312,1071
501306,1058,200599,12-04-2024,2480,1669
501307,1064,200992,03-02-2023,3011,1024
501308,1077,200464,18-06-2021,1890,1880
501309,41,200943,07-08-2021,1570,1495
501310,1075,200318,24-12-2023,3011,1909
501311,1163,200733,18-05-2024,3822,1152
501312,1221,200362,07-04-2023,3658,1681
501313,1418,200638,09-09-2019,3110,1387
501314,821,200794,01-03-2022,4998,1378
501315,1208,200916,29-08-2022,3163,1372
501316,990,200906,21-04-2022,2057,1344
501317,199,200359,28-01-2024,4998,1750
501318,1132,200813,09-03-2024,2336,1174
501319,105,200301,19-11-2023,2312,1232
501320,811,200375,28-01-2024,1735,1159
501321,160,200699,29-08-2021,3451,1774
501322,25,200816,10-12-2023,2231,1234
501323,1104,200541,17-06-2023,4293,1396
501324,1173,200626,05-10-2022,4210,1093
501325,689,200615,03-08-2022,3658,1664
501326,94,200328,03-02-2023,935,1407
501327,593,200668,16-04-2021,4293,1959
501328,1124,200962,27-11-2019,2227,1508
501329,1015,200527,03-08-2022,4177,1671
501330,1238,200336,05-07-2023,3940,1205
501331,1078,200440,10-07-2022,3896,1392
501332,192,200307,15-11-2020,3011,1545
501333,31,200572,04-10-2023,3269,1268
501334,1283,200308,27-11-2022,4210,1553
501335,1068,200455,10-07-2021,3197,1828
501336,63,200505,04-10-2023,1420,1638
501337,1105,200748,23-10-2020,1121,1047
501338,254,200589,12-05-2023,3564,1226
501339,629,200393,18-05-2024,3711,1222
501340,356,200990,16-09-2022,2981,1642
501341,566,200703,13-07-2023,4601,1135
501342,363,200732,23-09-2024,3256,1104
501343,1207,200421,19-02-2023,4513,1351
501344,301,200304,02-09-2023,4601,1180
501345,1447,200328,12-05-2021,3228,1912
501346,15,200933,13-07-2023,2480,1582
501347,1462,200972,02-06-2021,1689,1901
501348,243,200623,11-03-2023,4764,1922
501349,707,200679,02-12-2021,1433,1473
501350,236,200959,05-02-2024,2689,1109
501351,566,200726,30-06-2020,2336,1782
501352,1272,200770,05-07-2023,4987,1245
501353,1185,200546,09-03-2024,4591,1771
501354,892,200495,05-11-2022,3577,1487
501355,876,200457,07-09-2024,4212,1002
501356,1028,200380,01-11-2020,1440,1147
501357,809,200657,12-04-2024,3586,1796
501358,511,200348,01-10-2020,4591,1834
501359,1155,200719,12-09-2020,3071,1481
501360,265,200883,01-09-2022,1890,1688
501361,773,200678,12-07-2020,3269,1663
501362,450,200967,21-08-2024,4926,1747
501363,1196,200918,01-06-2023,504,1275
501364,790,200853,09-08-2024,3722,1563
501365,1412,200878,01-09-2024,2023,1209
501366,188,200661,16-10-2020,3921,1634
501367,932,200480,02-04-2020,4774,1957
501368,954,200723,14-04-2023,4188,1881
501369,1277,200478,19-02-2024,3586,1820
501370,529,200938,21-12-2021,3131,1586
501371,690,200338,10-12-2023,4591,1726
501372,1128,200338,13-01-2023,2294,1666
501373,415,200781,18-06-2019,3071,1112
501374,390,200988,10-08-2023,2387,1856
501375,905,200784,01-11-2020,3508,1699
501376,962,200656,21-02-2020,1877,1445
501377,1178,200913,27-02-2021,3986,1061
501378,659,200342,01-10-2024,4293,1297
501379,1125,200647,29-08-2021,3181,1790
501380,778,200980,23-07-2019,3312,1634
501381,685,200526,21-09-2021,3940,1191
501382,648,200782,03-08-2022,2344,1666
501383,80,200642,01-07-2020,3131,1028
501384,1147,200701,21-10-2023,3312,1439
501385,338,200754,02-04-2020,2635,1076
501386,322,200565,28-12-2021,2981,1794
501387,595,200721,05-08-2019,3826,1307
501388,1275,200701,09-10-2019,2689,1993
501389,644,200725,11-03-2023,4591,1587
501390,262,200985,16-04-2021,504,1208
501391,1278,200890,25-12-2020,2023,1578
501392,1043,200314,12-04-2024,4998,1419
501393,1281,200304,01-10-2024,2800,1332
501394,459,200645,23-06-2020,2981,1798
501395,189,200624,16-04-2021,1542,1812
501396,97,200613,10-10-2023,3711,1316
501397,762,200959,19-08-2023,3822,1581
501398,749,200911,01-07-2020,1883,1651
501399,996,200573,16-04-2021,1433,1109
501400,595,200945,31-12-2022,3822,1763
501401,242,200585,17-08-2022,4206,1955
501402,262,200861,26-02-2024,3711,1475
501403,260,200769,19-02-2023,3586,1700
501404,1238,200517,16-09-2022,1890,1329
501405,1351,200726,21-06-2022,2800,1470
501406,1039,200999,12-11-2024,4177,1654
501407,703,200572,10-09-2021,2766,1524
501408,1348,200359,01-05-2024,4212,1836
501409,538,200513,18-12-2023,1883,1728
501410,600,200682,01-10-2022,4987,1670
501411,343,200387,19-01-2023,4998,1975
501412,478,200739,15-06-2022,3508,1998
501413,1179,200506,28-12-2021,2968,1803
501414,28,200771,05-12-2020,4895,1427
501415,782,200894,25-03-2021,2800,1187
501416,1113,200419,16-09-2021,2344,1886
501417,647,200518,03-12-2024,2689,1842
501418,214,200629,09-06-2022,4899,1978
501419,391,200966,10-09-2021,3711,1396
501420,462,200346,12-04-2024,2112,1763
501421,141,200628,23-09-2024,2057,1003
501422,691,200868,21-08-2021,2766,1491
501423,1369,200803,21-08-2021,2387,1991
501424,1457,200561,12-10-2022,4899,1555
501425,388,200753,10-06-2021,2023,1120
501426,275,200591,01-06-2019,2480,1450
501427,893,200594,11-01-2020,4986,1175
501428,811,200972,07-09-2024,3228,1932
501429,156,200333,23-10-2020,4926,1169
501430,428,200731,11-03-2019,4974,1900
501431,339,200897,06-01-2023,2057,1083
501432,368,200871,05-08-2019,1121,1288
501433,1449,200654,21-09-2023,4764,1952
501434,503,200432,15-11-2020,2336,1956
501435,101,200527,27-07-2020,2294,1216
501436,20,200311,23-07-2019,4601,1357
501437,518,200685,27-11-2022,4650,1011
501438,925,200980,19-08-2023,3071,1692
501439,813,200705,21-09-2021,3181,1432
501440,34,200604,04-10-2023,2689,1673
501441,4,200336,25-12-2020,4591,1641
501442,1046,200736,21-12-2021,4623,1265
501443,1357,200435,21-02-2020,3921,1043
501444,222,200806,18-07-2020,2312,1387
501445,926,200816,12-12-2024,1542,1128
501446,1256,200959,20-10-2024,4650,1742
501447,396,200777,23-10-2020,2231,1497
501448,807,200738,10-12-2022,3138,1299
501449,203,200393,18-06-2019,3826,1026
501450,230,200437,17-01-2020,1689,1563
501451,1089,200429,15-10-2021,2344,1720
501452,1279,200438,09-09-2019,1624,1650
501453,289,200522,03-08-2024,4951,1280
501454,469,200971,01-10-2022,3986,1193
501455,83,200568,30-12-2019,3071,1052
501456,128,200981,29-08-2021,1809,1434
501457,95,200324,10-10-2023,4212,1499
501458,1387,200803,16-09-2022,1121,1330
501459,1361,200802,19-04-2024,3586,1144
501460,1023,200970,15-06-2022,3874,1627
501461,893,200938,01-06-2023,1890,1975
501462,1183,200557,25-09-2021,2231,1840
501463,1081,200657,14-02-2021,3312,1577
501464,18,200601,29-04-2022,2635,1600
501465,843,200963,03-01-2020,2560,1845
501466,363,200735,26-04-2021,4982,1655
501467,992,200965,09-08-2024,3826,1937
501468,107,200918,08-05-2022,4424,1137
501469,52,200430,04-02-2022,3451,1787
501470,802,200899,01-10-2019,3349,1923
501471,1149,200666,05-12-2020,1624,1139
501472,1274,200488,30-05-2022,4601,1672
501473,1378,200749,05-07-2023,1689,1146
501474,1494,200992,01-06-2023,1883,1029
501475,6,200649,26-05-2024,4982,1853
501476,347,200967,03-02-2020,4212,1041
501477,674,200726,03-12-2024,4177,1120
501478,1357,200450,19-01-2020,4293,1715
501479,21,200309,21-09-2023,3163,1893
501480,10,200787,15-11-2019,3071,1363
501481,1496,200738,27-12-2024,1877,1832
501482,1458,200880,08-01-2024,4293,1201
501483,671,200843,21-08-2021,1570,1444
501484,124,200513,10-08-2023,4293,1570
501485,1415,200641,22-03-2024,4974,1466
501486,411,200632,17-01-2020,1558,1955
501487,1137,200388,27-11-2022,3228,1875
501488,792,200458,02-10-2021,3131,1374
501489,1307,200356,11-11-2019,2766,1942
501490,500,200963,20-07-2023,3822,1195
501491,242,200445,14-02-2021,1420,1790
501492,150,200780,19-02-2023,2912,1024
501493,356,200404,05-11-2022,3874,1824
501494,1272,200773,18-06-2021,4413,1680
501495,1468,200342,30-03-2023,935,1206
501496,1192,200518,19-04-2024,4774,1533
501497,561,200503,03-02-2020,3586,1781
501498,641,200493,19-11-2023,3839,1344
501499,921,200791,04-10-2023,4899,1345
501500,781,200764,01-01-2023,4895,1057
501501,815,200558,12-05-2023,4704,1065
501502,1046,200430,19-01-2019,2480,1615
501503,1466,200710,02-09-2020,2968,1137
501504,1202,200416,21-04-2022,2912,1988
501505,101,200470,09-10-2019,2704,1562
501506,166,200379,02-10-2021,3011,1774
501507,604,200952,10-09-2021,4623,1542
501508,818,200911,27-02-2021,3269,1943
501509,151,200524,29-10-2021,3163,1210
501510,1416,200699,18-12-2023,1433,1622
501511,1381,200551,30-06-2019,4000,1684
501512,976,200445,19-02-2024,1402,1083
501513,1168,200881,11-03-2023,4974,1692
501514,931,200303,01-06-2023,2635,1081
501515,1172,200668,28-12-2021,2023,1170
501516,127,200928,04-10-2023,3722,1745
501517,1439,200437,04-02-2022,1809,1801
501518,1157,200688,01-09-2022,3228,1086
501519,997,200976,26-06-2021,3564,1729
501520,375,200855,16-07-2021,3999,1626
501521,987,200630,04-02-2022,3722,1111
501522,101,200766,13-08-2020,4210,1619
501523,1412,200388,14-03-2020,3181,1353
501524,1017,200552,23-10-2020,2766,1260
501525,412,200934,05-01-2021,3564,1483
501526,974,200915,27-12-2024,4424,1675
501527,703,200403,14-03-2020,3197,1656
501528,586,200938,02-09-2023,3131,1724
501529,977,200934,29-11-2021,1890,1870
501530,109,200617,20-11-2021,3451,1702
501531,234,200832,07-11-2020,3011,1487
501532,803,200492,23-07-2019,3256,1900
501533,343,200318,21-09-2021,2981,1802
501534,1350,200738,01-11-2019,2023,1923
501535,1033,200507,06-08-2020,3986,1672
501536,618,200553,29-08-2022,2370,1727
501537,714,200596,28-09-2021,3181,1366
501538,635,200562,14-03-2021,4435,1351
501539,425,200704,16-06-2020,2387,1985
501540,1243,200928,24-12-2023,3228,1974
501541,632,200924,20-08-2020,2294,1472
501542,1337,200989,26-02-2024,2560,1972
501543,747,200634,14-08-2021,4000,1444
501544,1071,200869,06-06-2020,2480,1145
501545,962,200488,11-03-2019,3874,1679
501546,34,200995,09-09-2023,4951,1007
501547,1088,200533,13-07-2023,3940,1384
501548,502,200978,16-04-2021,1440,1755
501549,7,200505,03-01-2020,4177,1791
501550,770,200333,21-07-2021,3577,1990
501551,1095,200387,19-08-2023,4713,1950
501552,100,200991,03-01-2024,2704,1856
501553,64,200718,21-09-2023,4926,1681
501554,863,200377,14-09-2020,4774,1009
501555,843,200988,06-08-2020,2231,1857
501556,1194,200830,18-06-2019,4206,1549
501557,1421,200611,13-06-2021,1402,1523
501558,1492,200966,24-12-2023,3826,1529
501559,397,200434,29-04-2022,1420,1792
501560,1072,200925,18-06-2021,4704,1675
501561,1224,200975,15-11-2020,4895,1938
501562,725,200439,01-10-2024,1890,1717
501563,26,200873,02-10-2021,1570,1630
501564,545,200324,28-01-2024,1440,1708
501565,185,200623,16-09-2022,4713,1080
501566,1383,200306,10-06-2021,3110,1993
501567,180,200403,12-05-2023,3197,1924
501568,1186,200422,21-02-2020,2968,1384
501569,261,200536,12-04-2024,2912,1497
501570,922,200416,21-02-2020,3658,1309
501571,849,200312,04-02-2022,4951,1276
501572,927,200967,30-06-2024,4764,1204
501573,687,200623,21-09-2023,935,1331
501574,1136,200775,14-09-2020,4000,1249
501575,362,200528,20-11-2021,4713,1016
501576,277,200533,17-05-2023,2766,1144
501577,1311,200795,01-10-2019,2968,1257
501578,322,200943,12-05-2023,1624,1512
501579,256,200778,12-05-2021,3986,1853
501580,184,200657,14-09-2020,2689,1035
501581,1383,200805,06-06-2020,1890,1259
501582,121,200401,12-09-2020,4513,1290
501583,612,200481,23-07-2019,3360,1717
501584,1019,200587,05-07-2023,3711,1615
501585,239,200304,10-02-2023,3839,1074
501586,897,200702,16-10-2020,3643,1024
501587,1,200645,26-06-2021,3986,1282
501588,19,200812,05-08-2019,504,1146
501589,1060,200954,19-07-2019,4764,1234
501590,1133,200540,25-03-2023,1420,1695
501591,1420,200717,05-01-2021,3163,1351
501592,1021,200897,09-04-2021,3986,1738
501593,797,200317,01-03-2022,935,1259
501594,824,200640,20-10-2024,3181,1681
501595,1429,200802,30-06-2024,3256,1455
501596,571,200743,01-05-2024,1121,1484
501597,861,200408,13-03-2022,2387,1283
501598,1034,200604,15-11-2019,4899,1522
501599,470,200375,01-11-2019,2968,1397
501600,127,200498,05-11-2021,4591,1884
501601,623,200477,23-11-2020,2387,1824
501602,212,200361,01-05-2024,3349,1834
501603,1285,200855,03-07-2021,3711,1871
501604,313,200507,26-02-2024,2480,1663
501605,1486,200816,27-06-2022,4513,1140
501606,801,200819,23-06-2020,4177,1566
501607,366,200310,27-12-2024,2800,1162
501608,227,200883,15-01-2024,3451,1823
501609,536,200319,12-09-2020,2480,1800
501610,1140,200641,23-10-2020,1402,1151
501611,1476,200704,05-01-2021,4713,1462
501612,833,200958,29-08-2022,3508,1551
501613,1413,200315,13-07-2024,4998,1315
501614,881,200574,01-10-2022,4293,1981
501615,1008,200848,14-03-2020,4982,1431
501616,824,200466,25-03-2021,3011,1882
501617,1208,200957,11-01-2020,4974,1209
501618,365,200708,01-07-2020,3360,1370
501619,1148,200868,16-06-2020,3360,1190
501620,821,200726,08-11-2024,4424,1613
501621,798,200762,06-08-2020,3643,1853
501622,657,200682,07-07-2019,4951,1747
501623,1046,200433,01-07-2022,3011,1373
501624,784,200560,02-04-2020,4942,1041
501625,955,200872,29-08-2022,4206,1565
501626,1160,200986,19-07-2019,3071,1738
501627,872,200441,17-05-2023,3577,1933
501628,746,200790,21-06-2022,1420,1662
501629,1255,200758,21-04-2022,3451,1768
501630,1298,200459,23-06-2020,4000,1398
501631,1054,200955,03-08-2024,4513,1479
501632,1389,200434,26-10-2019,3586,1636
501633,543,200967,13-08-2020,4895,1520
501634,1316,200627,07-08-2021,4435,1529
501635,193,200313,09-09-2019,2344,1570
501636,1302,200530,17-06-2023,4513,1757
501637,698,200931,10-12-2022,3256,1149
501638,56,200502,23-11-2020,4513,1513
501639,20,200735,06-01-2023,4206,1407
501640,941,200365,26-10-2019,3822,1444
501641,447,200721,08-02-2020,3071,1892
501642,1468,200359,29-10-2021,3874,1185
501643,177,200367,08-05-2022,1809,1069
501644,482,200632,16-10-2020,2387,1116
501645,504,200350,12-10-2022,3197,1135
501646,257,200451,04-02-2022,1433,1064
501647,715,200670,03-07-2021,3940,1404
501648,259,200447,08-05-2022,4210,1154
501649,32,200726,06-11-2023,2689,1801
501650,785,200510,19-04-2024,4210,1296
501651,889,200582,21-08-2021,4650,1750
501652,698,200919,19-04-2024,4177,1262
501653,401,200546,09-05-2024,4513,1277
501654,1146,200324,15-01-2024,4986,1316
501655,510,200610,21-09-2021,3826,1801
501656,1335,200871,15-10-2021,3181,1996
501657,707,200689,21-08-2021,4000,1634
501658,819,200572,25-03-2021,1542,1010
501659,298,200791,01-12-2023,4591,1548
501660,763,200537,03-02-2023,3999,1235
501661,845,200971,02-12-2021,3451,1765
501662,1271,200432,01-09-2022,3071,1547
501663,780,200855,07-12-2021,3986,1034
501664,313,200367,03-02-2020,4926,1553
501665,679,200660,12-05-2023,4974,1728
501666,866,200443,27-07-2020,935,1663
501667,948,200322,31-01-2022,2766,1229
501668,1166,200810,27-11-2019,3138,1608
501669,370,200415,15-01-2024,3011,1444
501670,919,200659,02-09-2020,4895,1296
501671,350,200905,03-02-2020,504,1599
501672,868,200459,20-11-2021,4774,1789
501673,1405,200663,01-09-2022,1402,1205
501674,9,200649,20-10-2024,1624,1504
501675,137,200629,09-05-2024,1440,1352
501676,843,200997,02-04-2020,4591,1579
501677,163,200990,21-12-2020,3451,1793
501678,72,200620,12-12-2024,2294,1062
501679,27,200834,18-12-2024,2370,1287
501680,530,200709,01-12-2023,3312,1439
501681,1294,200459,13-06-2021,2480,1991
501682,257,200344,30-05-2021,3940,1994
501683,291,200686,25-11-2022,3131,1224
501684,1255,200657,25-03-2023,2654,1097
501685,787,200979,11-03-2023,3826,1357
501686,273,200891,19-04-2024,4704,1054
501687,633,200534,21-12-2021,4774,1082
501688,477,200691,09-09-2023,1440,1592
501689,1322,200938,25-11-2024,4926,1293
501690,492,200852,25-03-2021,1890,1213
501691,855,200787,30-03-2023,4895,1936
501692,262,200802,15-07-2023,4974,1215
501693,1330,200651,19-02-2024,2766,1070
501694,267,200904,06-11-2023,1570,1317
501695,1013,200321,08-02-2020,4513,1919
501696,172,200863,01-06-2023,4926,1616
501697,1,200336,23-11-2020,3269,1411
501698,366,200606,08-10-2020,3451,1662
501699,785,200462,10-02-2023,3577,1133
501700,1459,200482,02-06-2021,2689,1210
501701,1382,200313,06-06-2020,1558,1393
501702,611,200615,25-11-2022,3138,1148
501703,1490,200841,09-12-2020,3349,1146
501704,441,200445,18-12-2024,1624,1824
501705,1027,200875,26-04-2021,4987,1994
501706,745,200884,15-11-2020,4704,1443
501707,5,200548,09-09-2023,1542,1676
501708,1198,200706,24-12-2023,3071,1887
501709,1228,200879,13-11-2022,3986,1792
501710,1167,200728,07-11-2020,2912,1896
501711,516,200576,10-12-2022,3921,1560
501712,1245,200627,24-12-2023,2227,1166
501713,1389,200806,16-04-2021,3586,1814
501714,590,200863,17-09-2024,1624,1190
501715,130,200315,26-02-2024,2480,1570
501716,461,200429,31-12-2022,3999,1421
501717,548,200843,11-02-2024,4899,1485
501718,659,200896,09-10-2019,504,1826
501719,1352,200969,06-01-2023,3564,1892
501720,579,200652,03-02-2019,3826,1546
501721,1348,200726,17-12-2020,3874,1676
501722,509,200601,05-10-2022,4926,1912
501723,1108,200432,03-12-2024,4650,1451
501724,612,200862,23-10-2020,1558,1533
501725,1347,200995,05-11-2021,4413,1131
501726,149,200638,21-08-2021,4623,1382
501727,519,200659,22-04-2021,4895,1078
501728,1182,200647,07-12-2021,4650,1523
501729,733,200616,01-03-2022,3508,1192
501730,426,200713,24-07-2022,1883,1681
501731,1229,200996,14-02-2021,1420,1960
501732,1033,200847,17-06-2023,2387,1262
501733,356,200825,01-09-2024,2294,1978
501734,1158,200394,14-04-2023,4424,1520
501735,318,200582,17-05-2023,935,1515
501736,709,200494,27-06-2022,1624,1498
501737,173,200737,10-09-2021,1420,1401
501738,811,200455,23-12-2022,3586,1444
501739,494,200927,01-09-2024,4513,1606
501740,357,200552,31-01-2022,3986,1155
501741,192,200516,11-03-2023,2312,1177
501742,1386,200718,26-10-2019,3269,1861
501743,1112,200578,16-09-2022,2336,1849
501744,330,200719,26-03-2022,2227,1658
501745,1381,200909,27-11-2022,2981,1082
501746,461,200594,26-10-2023,4704,1719
501747,1486,200435,26-10-2023,3643,1729
501748,1017,200891,14-02-2021,1735,1765
501749,1050,200393,22-10-2022,1735,1169
501750,1166,200715,16-09-2022,504,1442
501751,693,200491,02-10-2021,3658,1068
501752,943,200434,05-12-2020,2294,1651
501753,315,200582,01-05-2021,3564,1706
501754,352,200308,27-02-2023,1877,1943
501755,1043,200870,01-05-2021,3071,1462
501756,618,200455,01-11-2024,1809,1437
501757,673,200398,27-07-2020,3874,1451
501758,8,200952,03-12-2022,3999,1743
501759,1087,200411,13-08-2020,4601,1946
501760,190,200444,13-08-2020,504,1414
501761,905,200623,19-01-2023,2227,1531
501762,768,200663,21-09-2021,4895,1630
501763,633,200807,07-12-2021,4895,1142
501764,893,200339,03-12-2022,4424,1602
501765,748,200878,08-02-2020,4623,1178
501766,1333,200445,19-01-2023,3577,1545
501767,1296,200354,14-09-2020,3451,1971
501768,920,200338,28-12-2021,4435,1173
501769,980,200781,30-06-2024,4188,1749
501770,252,200924,29-10-2021,2370,1901
501771,53,200556,16-06-2020,1570,1549
501772,1456,200457,10-10-2023,3564,1304
501773,3,200959,13-03-2022,3986,1479
501774,487,200442,01-01-2023,2387,1182
501775,1082,200321,13-08-2020,1420,1939
501776,1289,200877,29-05-2023,1420,1092
501777,660,200304,27-02-2021,3874,1272
501778,406,200982,14-09-2020,3138,1904
501779,1280,200915,24-12-2023,1558,1517
501780,933,200930,13-07-2024,4601,1813
501781,1025,200775,18-06-2019,3163,1308
501782,1005,200950,04-10-2023,2968,1811
501783,680,200911,29-05-2023,3940,1464
501784,948,200619,06-08-2023,4899,1956
501785,1035,200647,03-12-2022,3826,1428
501786,115,200841,01-09-2024,3564,1671
501787,622,200503,13-08-2020,4591,1840
501788,578,200310,17-06-2023,1402,1293
501789,47,200643,12-05-2021,2344,1216
501790,1208,200876,27-11-2022,4601,1130
501791,1067,200765,10-08-2023,3940,1145
501792,564,200888,01-09-2022,3360,1654
501793,268,200340,20-07-2023,1440,1691
501794,202,200823,09-08-2024,2981,1848
501795,657,200449,20-10-2024,2654,1959
501796,1436,200938,02-04-2020,2294,1327
501797,671,200761,06-11-2023,4974,1463
501798,1274,200356,01-10-2019,3228,1506
501799,1073,200829,10-06-2021,3011,1408
501800,536,200441,02-10-2021,2370,1640
501801,407,200303,12-11-2024,4998,1181
501802,958,200958,27-11-2022,935,1685
501803,626,200485,15-11-2020,4998,1794
501804,622,200648,01-05-2021,1121,1221
501805,605,200894,12-11-2024,4601,1395
501806,924,200837,29-04-2022,3110,1933
501807,1122,200322,25-11-2024,3138,1995
501808,1380,200579,07-09-2024,3643,1778
501809,403,200896,18-05-2024,4926,1759
501810,559,200998,01-03-2022,2231,1473
501811,861,200648,17-10-2019,3197,1453
501812,764,200778,05-02-2024,2344,1551
501813,222,200365,01-10-2024,1735,1266
501814,524,200720,19-11-2023,2635,1335
501815,1082,200425,05-08-2019,1624,1831
501816,459,200521,21-07-2021,3722,1237
501817,365,200560,09-06-2022,3986,1677
501818,1315,200659,21-08-2024,3577,1178
501819,1020,200805,19-02-2023,3564,1618
501820,1428,200411,21-09-2023,4986,1963
501821,1021,200307,21-12-2021,2294,1109
501822,1435,200808,06-08-2020,3921,1443
501823,64,200688,01-05-2021,4177,1541
501824,1207,200474,10-08-2023,3451,1268
501825,1207,200765,16-10-2020,3451,1465
501826,99,200899,11-11-2019,2344,1073
501827,688,200683,28-09-2020,1402,1775
501828,245,200999,03-08-2022,4601,1596
501829,125,200483,22-04-2021,3643,1960
501830,1300,200557,10-12-2023,1420,1339
501831,1331,200922,05-08-2019,4942,1435
501832,518,200419,07-08-2021,2057,1592
501833,1405,200816,06-06-2020,4951,1318
501834,205,200439,25-03-2021,4986,1251
501835,520,200423,12-12-2024,3011,1719
501836,1053,200989,17-10-2019,4987,1845
501837,1085,200938,01-08-2020,1570,1387
501838,683,200896,01-12-2023,3269,1526
501839,291,200419,10-12-2022,2766,1357
501840,1334,200676,15-11-2019,2336,1826
501841,1409,200367,10-10-2023,2344,1088
501842,286,200358,26-05-2024,4650,1923
501843,641,200734,19-02-2023,2800,1912
501844,527,200621,03-01-2020,4774,1599
501845,419,200900,31-01-2022,4650,1678
501846,340,200983,14-05-2022,4974,1322
501847,59,200587,11-03-2019,2968,1870
501848,69,200665,21-09-2021,2312,1160
501849,1343,200939,12-12-2024,3986,1516
501850,265,200908,07-11-2020,1877,1826
501851,36,200333,12-11-2024,2294,1663
501852,1065,200570,04-05-2023,3011,1771
501853,609,200665,29-08-2022,2766,1180
501854,865,200583,06-11-2023,3643,1074
501855,52,200415,03-01-2020,4413,1123
501856,980,200689,25-09-2021,3131,1611
501857,83,200959,12-05-2023,4206,1429
501858,1284,200612,24-08-2023,2231,1288
501859,699,200704,10-12-2022,2800,1877
501860,1377,200581,04-02-2022,2912,1480
501861,805,200816,09-03-2024,4704,1030
501862,38,200660,01-09-2022,4650,1743
501863,230,200618,30-05-2022,4601,1932
501864,1420,200973,02-09-2023,2704,1896
501865,475,200599,13-03-2022,4895,1935
501866,1252,200396,18-06-2019,1433,1898
501867,1467,200737,03-09-2021,4951,1952
501868,622,200513,15-06-2022,4899,1759
501869,746,200678,07-04-2023,2981,1623
501870,1136,200983,09-03-2024,4000,1373
501871,1313,200716,01-05-2024,504,1394
501872,710,200895,21-04-2022,4987,1982
501873,804,200661,03-02-2023,3940,1176
501874,292,200870,01-07-2022,4774,1812
501875,1053,200617,16-06-2020,3508,1771
501876,468,200656,01-06-2019,3131,1486
501877,1125,200732,26-10-2023,3197,1003
501878,419,200460,09-04-2021,3839,1779
501879,784,200783,08-05-2022,4413,1124
501880,23,200759,18-06-2021,3826,1360
501881,54,200580,16-09-2021,3269,1035
501882,352,200838,28-01-2024,2312,1415
501883,1430,200842,19-01-2019,4188,1092
501884,120,200581,09-05-2024,4601,1671
501885,828,200428,05-08-2019,2312,1115
501886,131,200969,02-06-2022,3577,1176
501887,1349,200406,03-08-2024,1542,1172
501888,11,200731,12-05-2021,4986,1772
501889,1486,200654,09-08-2024,4974,1469
501890,325,200476,05-11-2022,3722,1804
501891,1107,200866,01-07-2022,2057,1005
501892,321,200713,19-07-2019,4982,1954
501893,60,200691,26-03-2022,2704,1128
501894,1394,200669,10-06-2021,2112,1656
501895,1341,200564,19-01-2020,2766,1886
501896,496,200336,06-01-2023,2981,1042
501897,146,200769,19-11-2023,1624,1231
501898,1025,200970,03-08-2024,4764,1652
501899,314,200863,01-10-2024,2704,1880
501900,466,200976,01-11-2019,1558,1735
501901,46,200866,11-11-2019,3940,1988
501902,339,200744,26-02-2024,3451,1166
501903,796,200961,13-01-2023,2370,1425
501904,503,200584,03-08-2024,3822,1812
501905,1174,200758,10-08-2023,4974,1127
501906,240,200663,13-03-2022,3451,1371
501907,1006,200889,12-05-2023,2336,1939
501908,899,200690,29-11-2021,3822,1237
501909,358,200648,28-09-2021,2312,1689
501910,1261,200403,18-07-2020,4899,1906
501911,373,200755,09-04-2021,3643,1287
501912,1107,200609,21-12-2020,1440,1283
501913,427,200619,27-02-2021,3822,1168
501914,1428,200839,06-01-2023,1883,1403
501915,1063,200468,18-12-2023,3711,1773
501916,987,200613,30-12-2019,4998,1460
501917,21,200630,11-01-2020,4713,1431
501918,683,200952,01-08-2020,3011,1788
501919,115,200852,16-09-2022,1420,1473
501920,107,200946,21-08-2021,2387,1933
501921,1197,200704,29-08-2021,1689,1933
501922,1029,200695,03-12-2022,4942,1634
501923,794,200306,01-10-2020,4650,1890
501924,616,200384,21-12-2020,1433,1249
501925,1170,200814,03-02-2023,4982,1734
501926,1427,200420,21-07-2021,2912,1323
501927,724,200384,01-09-2022,3163,1510
501928,193,200979,01-03-2022,3228,1320
501929,1358,200716,04-02-2022,935,1733
501930,604,200847,13-03-2022,3586,1755
501931,1230,200608,04-05-2023,3071,1836
501932,753,200479,02-09-2023,2112,1073
501933,719,200608,01-05-2024,2057,1086
501934,1493,200715,27-11-2022,2560,1672
501935,81,200610,06-01-2023,4650,1809
501936,695,200362,13-03-2022,4293,1901
501937,1317,200725,03-08-2022,4986,1543
501938,1009,200817,18-05-2024,1121,1225
501939,198,200747,26-10-2019,2112,1256
501940,73,200637,01-07-2020,3269,1885
501941,1421,200394,05-11-2021,1624,1850
501942,677,200421,24-08-2023,2704,1104
501943,69,200729,16-06-2020,1689,1643
501944,1191,200838,27-06-2022,2057,1711
501945,829,200663,14-02-2021,1121,1338
501946,886,200351,26-06-2021,4206,1815
501947,1487,200397,26-04-2021,2227,1778
501948,154,200994,23-09-2024,2635,1680
501949,605,200348,02-09-2020,4601,1573
501950,796,200685,26-05-2024,1558,1713
501951,604,200356,30-05-2022,3711,1903
501952,514,200458,17-05-2023,4951,1088
501953,1476,200792,29-10-2021,2227,1779
501954,1021,200934,11-06-2019,4212,1778
501955,218,200729,05-02-2024,3011,1821
501956,1245,200622,23-07-2019,3256,1192
501957,1125,200433,18-06-2019,2704,1616
501958,11,200546,28-09-2021,3138,1616
501959,483,200725,06-08-2020,3197,1032
501960,741,200476,14-05-2022,3822,1507
501961,1412,200578,15-11-2020,4764,1003
501962,1327,200464,08-01-2024,1689,1288
501963,933,200547,01-03-2022,4764,1767
501964,862,200354,02-10-2021,2968,1868
501965,546,200667,23-12-2022,4210,1741
501966,217,200452,28-01-2024,2294,1410
501967,364,200432,26-04-2021,1689,1595
501968,154,200881,27-07-2020,3826,1672
501969,718,200525,12-10-2022,3986,1108
501970,527,200805,27-11-2022,4974,1314
501971,978,200531,17-06-2023,4704,1335
501972,1115,200738,09-05-2024,1689,1311
501973,459,200402,16-09-2022,1402,1301
501974,692,200916,21-07-2021,2344,1629
501975,341,200343,08-11-2024,3131,1982
501976,1149,200556,11-06-2019,3011,1784
501977,1292,200516,17-05-2023,4601,1894
501978,1158,200586,14-08-2021,2689,1401
501979,620,200640,01-09-2022,2766,1580
501980,677,200651,03-12-2022,1735,1152
501981,591,200418,09-04-2021,3228,1563
501982,458,200633,15-02-2020,4623,1937
501983,373,200409,16-07-2021,2227,1567
501984,731,200757,01-11-2020,4987,1409
501985,156,200513,21-08-2024,4926,1318
501986,1083,200428,01-05-2021,1558,1531
501987,314,200445,14-03-2021,4895,1618
501988,912,200997,29-08-2021,2480,1768
501989,462,200310,19-08-2023,2981,1030
501990,359,200389,02-04-2020,2344,1574
501991,527,200803,13-07-2024,3349,1584
501992,112,200677,01-12-2023,1735,1058
501993,108,200717,09-09-2019,4713,1709
501994,427,200866,09-06-2022,3256,1043
501995,1041,200734,12-11-2024,3921,1362
501996,950,200822,08-11-2024,3839,1419
501997,418,200484,24-08-2023,2800,1721
501998,34,200782,18-05-2024,3131,1326
501999,960,200383,23-11-2020,2560,1325
