Rating_ id,Customer_id,Restaurant_id,Rating,Rating_Date
300001,1140,200567,4,14-03-2020
300002,1069,200863,4.1,29-08-2022
300003,331,200533,1.8,17-06-2023
300004,1211,200706,4.6,05-01-2021
300005,1419,200353,2.9,11-11-2019
300006,75,200403,4.5,23-12-2022
300007,1233,200931,2.3,02-09-2023
300008,900,200302,1.9,10-06-2021
300009,1315,200663,2.8,19-04-2024
300010,534,200846,3,01-10-2020
300011,325,200927,3.4,07-08-2021
300012,1402,200600,3,11-03-2023
300013,596,200686,3.7,30-12-2019
300014,154,200871,4.5,08-01-2024
300015,1214,200319,2,26-03-2022
300016,1418,200874,4.8,15-07-2023
300017,951,200662,3.3,06-06-2020
300018,87,200887,4.9,20-10-2024
300019,1144,200639,3,29-11-2021
300020,349,200766,4.2,16-09-2022
300021,1066,200904,3.7,21-12-2020
300022,1146,200406,3.8,04-05-2023
300023,542,200995,3.9,30-06-2024
300024,70,200673,1.7,05-08-2019
300025,802,200437,1,19-01-2020
300026,371,200656,4.1,14-02-2021
300027,937,200581,2.5,22-03-2024
300028,978,200327,2.7,26-10-2023
300029,500,200668,4.7,08-05-2022
300030,1170,200355,1.8,03-08-2024
300031,489,200556,4.5,18-02-2022
300032,538,200434,2,30-05-2021
300033,794,200522,4.5,12-09-2020
300034,1434,200422,3.7,19-08-2023
300035,643,200463,3.2,21-06-2022
300036,1341,200716,2,25-09-2021
300037,929,200851,2.2,11-06-2019
300038,807,200903,2.1,08-02-2020
300039,640,200440,4.6,12-12-2024
300040,1327,200326,2.5,07-04-2023
300041,1163,200565,3.9,13-11-2022
300042,543,200857,2.7,02-12-2021
300043,768,200432,3.2,27-07-2020
300044,1085,200680,1.2,18-07-2022
300045,1263,200341,1.6,01-01-2023
300046,85,200668,1.5,26-05-2024
300047,940,200458,4.1,09-09-2019
300048,68,200705,3.1,15-10-2021
300049,160,200980,1.2,02-04-2020
300050,1156,200993,3.3,06-11-2023
300051,296,200731,3.5,31-01-2022
300052,1231,200901,4.8,13-07-2024
300053,307,200338,3.2,09-03-2021
300054,1110,200769,1.1,20-08-2020
300055,218,200726,3.1,01-12-2023
300056,808,200358,5,03-07-2021
300057,1183,200898,3.8,17-10-2019
300058,185,200460,2.2,05-10-2022
300059,708,200895,4.4,11-02-2024
300060,1158,200721,3.9,15-11-2020
300061,665,200625,1.2,22-05-2020
300062,456,200663,2.8,27-02-2023
300063,87,200380,3.4,26-04-2021
300064,235,200891,4.6,07-09-2024
300065,406,200868,3.9,23-07-2019
300066,254,200314,2.4,15-04-2022
300067,1348,200995,2.8,18-06-2021
300068,607,200861,2.9,25-11-2024
300069,28,200535,2.5,09-12-2020
300070,1217,200701,1.6,01-06-2023
300071,1467,200473,3.5,03-08-2022
300072,1491,200642,3.8,29-08-2021
300073,35,200824,2.9,27-11-2019
300074,219,200386,1,21-09-2023
300075,1372,200511,4.9,23-10-2020
300076,1000,200683,1.6,10-12-2022
300077,548,200417,3.2,02-10-2021
300078,954,200345,4.8,30-06-2020
300079,1072,200677,1.5,05-07-2023
300080,310,200760,3.7,19-01-2019
300081,225,200359,1.3,28-01-2024
300082,176,200436,3.8,01-03-2022
300083,9,200485,4,21-12-2021
300084,329,200406,4,09-03-2024
300085,1442,200731,4.1,10-10-2023
300086,1089,200560,2.1,03-01-2020
300087,1309,200441,2,30-05-2022
300088,1073,200317,4.6,21-08-2024
300089,884,200734,2.1,01-05-2021
300090,339,200401,3.1,28-09-2020
300091,443,200411,1.2,06-08-2023
300092,349,200842,4,02-06-2022
300093,93,200950,3.7,10-09-2021
300094,486,200467,3.6,21-02-2020
300095,1177,200585,3.4,30-06-2019
300096,37,200543,3.7,27-12-2024
300097,680,200771,4,25-03-2023
300098,1102,200913,2.1,05-11-2021
300099,1225,200978,2,27-11-2022
300100,156,200665,1.3,12-07-2020
300101,277,200830,4.6,01-07-2022
300102,1351,200548,3.4,19-01-2023
300103,1077,200981,2.7,09-05-2024
300104,268,200379,2,27-02-2021
300105,391,200918,4,06-08-2020
300106,62,200527,3.7,18-12-2023
300107,1106,200927,1.2,21-07-2021
300108,1306,200485,1.5,01-10-2019
300109,834,200912,3.6,22-10-2022
300110,1211,200774,4.6,26-02-2024
300111,869,200867,3.4,01-11-2020
300112,1265,200444,1.4,10-02-2023
300113,1153,200653,3.1,09-04-2021
300114,249,200566,3.9,23-09-2024
300115,732,200984,2,07-07-2019
300116,174,200432,3.8,29-04-2022
300117,186,200581,4.8,02-06-2021
300118,86,200665,3.6,08-11-2024
300119,971,200398,4.7,25-12-2020
300120,1246,200365,3.4,17-05-2023
300121,674,200497,3.3,17-08-2022
300122,1071,200789,2.6,14-08-2021
300123,660,200757,1.9,01-11-2019
300124,409,200480,1.6,09-09-2023
300125,434,200740,4.8,08-10-2020
300126,1435,200818,3,25-11-2022
300127,976,200699,3.8,21-09-2021
300128,1149,200856,2.4,16-06-2020
300129,1258,200710,2.8,20-07-2023
300130,419,200637,3.7,03-02-2019
300131,57,200620,3.7,15-01-2024
300132,399,200772,3.1,13-03-2022
300133,1472,200746,3.1,07-12-2021
300134,70,200617,2.7,26-03-2024
300135,93,200528,2.1,21-10-2023
300136,1064,200460,2,17-01-2020
300137,464,200696,2.8,15-06-2022
300138,1188,200402,2.4,09-08-2024
300139,1048,200597,4.4,16-04-2021
300140,1095,200618,3.8,14-09-2020
300141,843,200740,1,24-08-2023
300142,549,200417,1.4,27-06-2022
300143,832,200552,4,03-09-2021
300144,1159,200985,4.6,03-02-2020
300145,637,200540,3,18-06-2019
300146,1421,200702,3,18-12-2024
300147,119,200737,2.8,14-04-2023
300148,987,200689,3,29-10-2021
300149,1124,200895,3.3,31-12-2022
300150,1156,200732,2.1,01-07-2020
300151,196,200333,4,10-07-2022
300152,633,200352,4.5,06-01-2023
300153,1089,200697,3.8,18-05-2024
300154,1122,200856,4.6,14-03-2021
300155,1158,200696,2.8,13-08-2020
300156,1404,200367,3.7,10-12-2023
300157,1348,200433,3.4,10-07-2021
300158,832,200821,2.7,26-10-2019
300159,1499,200965,3.3,12-10-2022
300160,666,200432,4.8,19-02-2024
300161,56,200975,2.9,23-11-2020
300162,609,200330,2.9,19-02-2023
300163,256,200696,1.3,12-05-2021
300164,304,200546,2.4,01-10-2024
300165,1443,200394,4.7,19-07-2019
300166,1310,200710,4.9,14-05-2022
300167,1002,200961,3.8,26-06-2021
300168,467,200905,2.2,12-11-2024
300169,1477,200646,4.5,17-12-2020
300170,132,200527,4.5,29-05-2023
300171,755,200421,3.9,01-09-2022
300172,938,200416,1.1,21-08-2021
300173,307,200865,1.2,15-11-2019
300174,630,200601,3.1,04-10-2023
300175,477,200894,1.6,16-10-2020
300176,764,200673,1,03-12-2022
300177,883,200982,2.7,16-09-2021
300178,119,200472,2.6,23-06-2020
300179,945,200505,1.8,13-07-2023
300180,329,200949,2.7,11-03-2019
300181,1484,200632,3.7,03-01-2024
300182,600,200990,1.9,04-02-2022
300183,825,200363,4.1,28-12-2021
300184,1182,200613,3.5,12-04-2024
300185,33,200336,1.1,19-11-2023
300186,97,200796,1.6,11-01-2020
300187,1495,200394,1.3,09-06-2022
300188,390,200594,2.9,17-09-2024
300189,1048,200768,4.4,01-04-2021
300190,93,200756,2.8,02-09-2020
300191,183,200309,4.9,10-08-2023
300192,292,200995,3.6,24-07-2022
300193,96,200317,1.3,28-09-2021
300194,1149,200582,4,15-02-2020
300195,1107,200397,2.6,01-06-2019
300196,166,200777,2.7,03-12-2024
300197,1034,200886,4.7,30-03-2023
300198,265,200464,2.1,20-11-2021
300199,1192,200660,2.8,05-11-2022
300200,1457,200619,2.6,18-07-2020
300201,620,200829,3.4,30-07-2022
300202,422,200693,4.3,13-01-2023
300203,662,200972,3.6,01-05-2024
300204,1339,200351,2,25-03-2021
300205,1043,200703,2.3,01-08-2020
300206,481,200437,2.6,24-12-2023
300207,1101,200539,4,16-07-2021
300208,70,200567,2.3,09-10-2019
300209,914,200390,4.9,01-10-2022
300210,657,200842,1,05-02-2024
300211,654,200653,3.2,07-11-2020
300212,419,200495,1.5,03-02-2023
300213,932,200855,2.6,22-04-2021
300214,316,200472,4.5,01-09-2024
300215,1229,200389,4.5,01-07-2019
300216,1209,200835,3.4,21-04-2022
300217,1321,200470,3.3,13-06-2021
300218,1360,200726,4.1,01-11-2024
300219,1388,200963,2.8,05-12-2020
300220,1368,200857,3.2,12-05-2023
300221,1347,200428,3,14-03-2020
300222,40,200758,1.1,29-08-2022
300223,603,200850,4,17-06-2023
300224,624,200746,1,05-01-2021
300225,622,200664,4.5,11-11-2019
300226,378,200458,2.3,23-12-2022
300227,809,200603,1.2,02-09-2023
300228,1336,200771,4.7,10-06-2021
300229,562,200976,4.5,19-04-2024
300230,630,200464,3.5,01-10-2020
300231,515,200443,3.3,07-08-2021
300232,264,200765,4,11-03-2023
300233,1229,200640,1.5,30-12-2019
300234,877,200472,3.1,08-01-2024
300235,21,200654,3.1,26-03-2022
300236,749,200409,2.6,15-07-2023
300237,485,200625,4.3,06-06-2020
300238,147,200557,2.6,20-10-2024
300239,135,200580,4.6,29-11-2021
300240,872,200760,3.7,16-09-2022
300241,490,200356,1.3,21-12-2020
300242,889,200701,3.8,04-05-2023
300243,601,200515,4.5,30-06-2024
300244,1436,200528,3.2,05-08-2019
300245,808,200373,4.5,19-01-2020
300246,807,200459,2.1,14-02-2021
300247,254,200453,3.3,22-03-2024
300248,1076,200642,1,26-10-2023
300249,1295,200849,2.6,08-05-2022
300250,1269,200704,4.9,03-08-2024
300251,1245,200327,2,18-02-2022
300252,1445,201000,3.8,30-05-2021
300253,700,200970,2.3,12-09-2020
300254,648,200585,2.4,19-08-2023
300255,223,200586,2.5,21-06-2022
300256,445,200919,3,25-09-2021
300257,1433,200589,1.9,11-06-2019
300258,643,200800,4.5,08-02-2020
300259,1172,200536,1.3,12-12-2024
300260,224,200798,3.5,07-04-2023
300261,1404,200721,3.4,13-11-2022
300262,439,200791,3.5,02-12-2021
300263,620,200437,2.3,27-07-2020
300264,1045,200934,3.7,18-07-2022
300265,49,200820,1.5,01-01-2023
300266,189,200910,4.8,26-05-2024
300267,252,200574,4.4,09-09-2019
300268,1229,200911,2.5,15-10-2021
300269,536,200513,1.2,02-04-2020
300270,329,200526,3.4,06-11-2023
300271,266,200402,3.9,31-01-2022
300272,136,200490,4.9,13-07-2024
300273,1474,200466,3.9,09-03-2021
300274,1223,200506,4.5,20-08-2020
300275,149,200916,3.4,01-12-2023
300276,1176,200312,3.2,03-07-2021
300277,219,200879,2.7,17-10-2019
300278,383,200839,2.2,05-10-2022
300279,951,200980,2.5,11-02-2024
300280,1087,200846,3.7,15-11-2020
300281,1364,200886,1.6,22-05-2020
300282,325,200638,1.8,27-02-2023
300283,82,200727,1.4,26-04-2021
300284,331,200338,2.4,07-09-2024
300285,131,200740,4.7,23-07-2019
300286,1386,200304,4.8,15-04-2022
300287,1151,200570,2.6,18-06-2021
300288,757,200469,1,25-11-2024
300289,66,200369,2.9,09-12-2020
300290,244,200485,2.1,01-06-2023
300291,767,200555,1.5,03-08-2022
300292,933,200991,1.7,29-08-2021
300293,44,200760,3.9,27-11-2019
300294,1067,200922,1.6,21-09-2023
300295,1369,200771,4.1,23-10-2020
300296,24,200653,1.6,10-12-2022
300297,241,200964,3.7,02-10-2021
300298,477,200374,3.5,30-06-2020
300299,476,200683,2.3,05-07-2023
300300,1262,200872,1,19-01-2019
300301,83,200576,1.2,28-01-2024
300302,1394,200621,1.5,01-03-2022
300303,1402,200631,3.5,21-12-2021
300304,1387,200708,4.5,09-03-2024
300305,692,200691,4.6,10-10-2023
300306,160,200838,3.4,03-01-2020
300307,1137,200968,3.3,30-05-2022
300308,946,200907,1.8,21-08-2024
300309,122,200685,4,01-05-2021
300310,1497,200923,3,28-09-2020
300311,343,200854,1.6,06-08-2023
300312,1486,200676,3.9,02-06-2022
300313,1377,200587,4.5,10-09-2021
300314,260,200781,2.8,21-02-2020
300315,1072,200389,3.4,30-06-2019
300316,691,200450,2.6,27-12-2024
300317,1179,200495,4.6,25-03-2023
300318,362,200701,4.6,05-11-2021
300319,547,200699,2.1,27-11-2022
300320,759,200382,1.9,12-07-2020
300321,1347,200769,4.8,01-07-2022
300322,101,200470,2.4,19-01-2023
300323,353,200965,4.7,09-05-2024
300324,356,200969,4.5,27-02-2021
300325,1467,200978,3.9,06-08-2020
300326,554,200505,2,18-12-2023
300327,323,200812,4.3,21-07-2021
300328,1245,200993,2.1,01-10-2019
300329,1112,200515,1,22-10-2022
300330,520,200868,1.9,26-02-2024
300331,366,200447,2.3,01-11-2020
300332,861,200959,2.1,10-02-2023
300333,1436,200793,1.5,09-04-2021
300334,1273,200793,4.4,23-09-2024
300335,1012,200541,4.9,07-07-2019
300336,305,200637,1.9,29-04-2022
300337,1208,200637,2.5,02-06-2021
300338,971,200822,2,08-11-2024
300339,195,200480,2.4,25-12-2020
300340,638,200634,3.2,17-05-2023
300341,906,200551,4.1,17-08-2022
300342,1179,200720,3.7,14-08-2021
300343,598,200752,4,01-11-2019
300344,1226,200477,3.3,09-09-2023
300345,1053,200790,3.6,08-10-2020
300346,697,200752,3.2,25-11-2022
300347,1392,200840,2,21-09-2021
300348,284,200408,1.5,16-06-2020
300349,216,200330,1.6,20-07-2023
300350,100,200673,2.9,03-02-2019
300351,1173,200778,2.3,15-01-2024
300352,229,200561,1.7,13-03-2022
300353,555,200955,1.5,07-12-2021
300354,4,200690,4,26-03-2024
300355,985,200665,1.2,21-10-2023
300356,473,200624,1.1,17-01-2020
300357,978,200399,3.9,15-06-2022
300358,755,200498,1.9,09-08-2024
300359,945,200778,3,16-04-2021
300360,1388,200845,3.4,14-09-2020
300361,435,200768,1,24-08-2023
300362,1320,200647,2.7,27-06-2022
300363,423,200922,3.5,03-09-2021
300364,1188,200800,1.2,03-02-2020
300365,79,200507,4,18-06-2019
300366,1081,200782,1,18-12-2024
300367,962,200540,4.3,14-04-2023
300368,632,200437,2.4,29-10-2021
300369,514,200507,4.1,31-12-2022
300370,1173,200616,4.2,01-07-2020
300371,1414,200459,3,10-07-2022
300372,1283,200920,2.4,06-01-2023
300373,460,200944,1.9,18-05-2024
300374,1150,200673,2.8,14-03-2021
300375,372,200496,2.5,13-08-2020
300376,217,200409,1.7,10-12-2023
300377,218,200360,2.3,10-07-2021
300378,202,200870,3.2,26-10-2019
300379,178,200875,4.7,12-10-2022
300380,1307,200585,3.8,19-02-2024
300381,329,200618,2,23-11-2020
300382,290,200526,1,19-02-2023
300383,847,200378,4,12-05-2021
300384,74,200402,1.3,01-10-2024
300385,1379,200529,2.3,19-07-2019
300386,496,200876,4.8,14-05-2022
300387,1119,200646,1.5,26-06-2021
300388,721,200810,4.8,12-11-2024
300389,939,200629,4.5,17-12-2020
300390,632,200429,1.5,29-05-2023
300391,592,200781,2.5,01-09-2022
300392,1074,200436,4.5,21-08-2021
300393,375,200910,2.6,15-11-2019
300394,464,200634,2.6,04-10-2023
300395,279,200921,4.3,16-10-2020
300396,757,200836,1,03-12-2022
300397,938,200303,4.2,16-09-2021
300398,1379,200650,3.2,23-06-2020
300399,1221,200452,4.3,13-07-2023
300400,1431,200381,2.1,11-03-2019
300401,863,200360,4.7,03-01-2024
300402,1390,200586,2.3,04-02-2022
300403,200,200950,1.8,28-12-2021
300404,1164,200885,3.9,12-04-2024
300405,1173,200871,3.3,19-11-2023
300406,517,200827,3.5,11-01-2020
300407,740,200682,2.7,09-06-2022
300408,1289,200494,2.6,17-09-2024
300409,293,200781,4.9,01-04-2021
300410,688,200338,2.8,02-09-2020
300411,1337,200577,3.3,10-08-2023
300412,1044,200610,3.4,24-07-2022
300413,1362,200738,1.4,28-09-2021
300414,77,200786,3.5,15-02-2020
300415,408,200768,4.1,01-06-2019
300416,1115,200864,1.4,03-12-2024
300417,1211,200617,3.1,30-03-2023
300418,151,200362,2.3,20-11-2021
300419,274,200484,2.9,05-11-2022
300420,1248,200457,2.6,18-07-2020
300421,623,200813,4.9,30-07-2022
300422,645,200940,4.8,13-01-2023
300423,1355,200769,2.6,01-05-2024
300424,102,200867,4.3,25-03-2021
300425,1089,200927,4,01-08-2020
300426,534,200973,3.2,24-12-2023
300427,512,200759,3.4,16-07-2021
300428,1279,200711,1.8,09-10-2019
300429,682,200599,3.4,01-10-2022
300430,210,200490,2,05-02-2024
300431,360,200461,2.7,07-11-2020
300432,1355,200641,2.6,03-02-2023
300433,1269,200632,3.7,22-04-2021
300434,1471,200393,2.2,01-09-2024
300435,224,200311,3.6,01-07-2019
300436,422,200319,1.3,21-04-2022
300437,783,200889,2.3,13-06-2021
300438,334,200944,2.7,01-11-2024
300439,350,200356,4.2,05-12-2020
300440,697,200585,2,12-05-2023
300441,964,200975,1.5,14-03-2020
300442,281,200338,2.5,29-08-2022
300443,1341,200666,1.2,17-06-2023
300444,1271,200995,4,05-01-2021
300445,938,200846,2.2,11-11-2019
300446,39,200473,4.2,23-12-2022
300447,23,200883,2.9,02-09-2023
300448,370,200398,2.4,10-06-2021
300449,1443,200519,1,19-04-2024
300450,898,200459,2.2,01-10-2020
300451,676,200524,4.6,07-08-2021
300452,244,200335,3.6,11-03-2023
300453,294,200318,4.3,30-12-2019
300454,702,200608,4.1,08-01-2024
300455,262,200690,4,26-03-2022
300456,1178,200686,4.3,15-07-2023
300457,312,200344,2.5,06-06-2020
300458,1036,200791,4.4,20-10-2024
300459,1273,200693,1.3,29-11-2021
300460,516,200937,3.7,16-09-2022
300461,196,200934,1.7,21-12-2020
300462,642,200671,4.8,04-05-2023
300463,318,200975,3.9,30-06-2024
300464,1252,200892,4.8,05-08-2019
300465,424,200302,4.1,19-01-2020
300466,769,200736,1.1,14-02-2021
300467,1330,200325,2.4,22-03-2024
300468,792,200613,3,26-10-2023
300469,873,200939,4.2,08-05-2022
300470,79,200839,4.2,03-08-2024
300471,96,200507,4.6,18-02-2022
300472,637,200681,3.7,30-05-2021
300473,174,200574,1.9,12-09-2020
300474,1433,200461,3.1,19-08-2023
300475,259,200515,3.7,21-06-2022
300476,984,200549,1,25-09-2021
300477,1373,200978,3.5,11-06-2019
300478,1391,200894,1.4,08-02-2020
300479,377,200858,3.8,12-12-2024
300480,141,200932,1.6,07-04-2023
300481,875,200924,1.9,13-11-2022
300482,304,200657,3.6,02-12-2021
300483,274,200426,3.3,27-07-2020
300484,387,200789,4.3,18-07-2022
300485,1452,200465,1.4,01-01-2023
300486,315,200327,2.6,26-05-2024
300487,280,200997,4.6,09-09-2019
300488,475,200782,3.1,15-10-2021
300489,277,200701,1,02-04-2020
300490,884,200974,4.2,06-11-2023
300491,1032,200337,2.2,31-01-2022
300492,469,200832,3.1,13-07-2024
300493,717,200516,4.1,09-03-2021
300494,1215,200535,3,20-08-2020
300495,1118,200493,1.9,01-12-2023
300496,554,200976,3.1,03-07-2021
300497,1412,200828,3.7,17-10-2019
300498,475,200909,4.4,05-10-2022
300499,922,200522,1.4,11-02-2024
300500,967,200378,2,15-11-2020
300501,1366,200984,1.3,22-05-2020
300502,1489,200767,4.1,27-02-2023
300503,12,200533,1.7,26-04-2021
300504,1290,200331,4.7,07-09-2024
300505,508,200326,3.9,23-07-2019
300506,824,200948,4.1,15-04-2022
300507,603,200374,1.2,18-06-2021
300508,309,200897,2.2,25-11-2024
300509,640,200876,2.4,09-12-2020
300510,1104,200505,1.8,01-06-2023
300511,1374,200880,3.1,03-08-2022
300512,1482,200967,2.3,29-08-2021
300513,472,200550,1.5,27-11-2019
300514,1098,200373,1.1,21-09-2023
300515,1104,200646,3.5,23-10-2020
300516,129,200402,2.9,10-12-2022
300517,361,200808,3.2,02-10-2021
300518,553,200957,1.7,30-06-2020
300519,632,200787,4.1,05-07-2023
300520,1164,200517,4.6,19-01-2019
300521,209,200589,1.4,28-01-2024
300522,86,200656,2.4,01-03-2022
300523,384,200868,3.9,21-12-2021
300524,74,200600,3.4,09-03-2024
300525,690,200867,1.5,10-10-2023
300526,1396,200821,1.8,03-01-2020
300527,449,200754,2.6,30-05-2022
300528,949,200369,3.1,21-08-2024
300529,1447,200840,1.4,01-05-2021
300530,1292,200701,1.8,28-09-2020
300531,588,200533,1.2,06-08-2023
300532,792,200710,1.6,02-06-2022
300533,1475,200745,3.5,10-09-2021
300534,660,200437,4,21-02-2020
300535,1408,200448,3.8,30-06-2019
300536,656,200922,2.4,27-12-2024
300537,1015,200574,4.6,25-03-2023
300538,740,200884,4.2,05-11-2021
300539,877,200927,3.2,27-11-2022
300540,1381,200953,3.8,12-07-2020
300541,450,200663,2.8,01-07-2022
300542,1445,200514,1.2,19-01-2023
300543,239,200701,3.4,09-05-2024
300544,759,201000,3.4,27-02-2021
300545,452,200976,4,06-08-2020
300546,204,200944,3.1,18-12-2023
300547,282,200620,2.7,21-07-2021
300548,1014,200861,3.6,01-10-2019
300549,190,200841,4,22-10-2022
300550,994,200842,1.7,26-02-2024
300551,1197,200663,1.9,01-11-2020
300552,995,200493,4.6,10-02-2023
300553,1436,200590,2,09-04-2021
300554,394,200370,3.8,23-09-2024
300555,1161,200905,3.7,07-07-2019
300556,747,200484,3.5,29-04-2022
300557,51,200428,1.4,02-06-2021
300558,502,200462,2.8,08-11-2024
300559,1182,200431,4.6,25-12-2020
300560,27,200884,4.1,17-05-2023
300561,1409,200844,3.3,17-08-2022
300562,6,200443,4.3,14-08-2021
300563,501,200405,3.8,01-11-2019
300564,1223,200460,2.7,09-09-2023
300565,583,200797,4.3,08-10-2020
300566,512,200915,3.4,25-11-2022
300567,1288,200520,4.7,21-09-2021
300568,1167,200956,1.7,16-06-2020
300569,949,200909,2.2,20-07-2023
300570,924,200642,2.2,03-02-2019
300571,611,200765,2.7,15-01-2024
300572,414,200538,2.8,13-03-2022
300573,1317,200931,2.1,07-12-2021
300574,1104,200845,2.5,26-03-2024
300575,1271,200496,1.9,21-10-2023
300576,211,200899,1.6,17-01-2020
300577,995,200710,3.5,15-06-2022
300578,862,200898,3.9,09-08-2024
300579,976,200715,4.4,16-04-2021
300580,485,200467,2.5,14-09-2020
300581,949,200922,4.6,24-08-2023
300582,236,200497,2.5,27-06-2022
300583,306,200863,3.2,03-09-2021
300584,716,200709,4.2,03-02-2020
300585,137,200305,4.8,18-06-2019
300586,354,200449,1.1,18-12-2024
300587,885,200910,3.3,14-04-2023
300588,615,200857,2.7,29-10-2021
300589,698,200599,2,31-12-2022
300590,781,200593,1.6,01-07-2020
300591,340,200346,4.3,10-07-2022
300592,1375,200737,2.8,06-01-2023
300593,676,200616,1.1,18-05-2024
300594,30,200542,1.2,14-03-2021
300595,1339,200764,1.2,13-08-2020
300596,438,200343,1.8,10-12-2023
300597,904,200834,1.9,10-07-2021
300598,1460,200770,3.3,26-10-2019
300599,478,200818,1,12-10-2022
300600,392,200674,3.1,19-02-2024
300601,810,200449,1.8,23-11-2020
300602,580,200887,2.1,19-02-2023
300603,202,200454,3.8,12-05-2021
300604,152,200347,2.6,01-10-2024
300605,1231,200881,4.1,19-07-2019
300606,589,200779,4.1,14-05-2022
300607,1062,200341,4.8,26-06-2021
300608,738,200745,1.9,12-11-2024
300609,124,200487,2,17-12-2020
300610,605,200864,1.2,29-05-2023
300611,492,200425,3,01-09-2022
300612,1355,200776,1.4,21-08-2021
300613,1158,200510,3.8,15-11-2019
300614,878,200418,4.9,04-10-2023
300615,1278,200555,4,16-10-2020
300616,454,200601,1.7,03-12-2022
300617,529,200677,2.1,16-09-2021
300618,1374,200957,3.3,23-06-2020
300619,656,200679,3.3,13-07-2023
300620,1195,200474,4.2,11-03-2019
300621,74,200777,1.3,03-01-2024
300622,903,200979,1,04-02-2022
300623,593,200712,4.2,28-12-2021
300624,279,200471,3.6,12-04-2024
300625,526,200618,1.3,19-11-2023
300626,101,200752,4.8,11-01-2020
300627,783,200827,1.9,09-06-2022
300628,734,200644,4.3,17-09-2024
300629,377,200609,4.5,01-04-2021
300630,383,200924,3.3,02-09-2020
300631,1016,200566,3,10-08-2023
300632,1076,200766,1.3,24-07-2022
300633,240,200876,4.2,28-09-2021
300634,452,200308,4.6,15-02-2020
300635,38,200725,2.4,01-06-2019
300636,596,200799,3.7,03-12-2024
300637,842,200786,1.8,30-03-2023
300638,572,200447,1.4,20-11-2021
300639,261,200860,4.2,05-11-2022
300640,595,200874,1.3,18-07-2020
300641,998,200784,2.4,30-07-2022
300642,1175,200798,1.2,13-01-2023
300643,824,200445,2.9,01-05-2024
300644,1143,200774,3.9,25-03-2021
300645,571,200304,1.9,01-08-2020
300646,878,200312,1,24-12-2023
300647,103,200329,3.9,16-07-2021
300648,1121,200791,4.9,09-10-2019
300649,334,200419,2.5,01-10-2022
300650,523,200760,2.2,05-02-2024
300651,348,200839,3.1,07-11-2020
300652,1437,200525,4.2,03-02-2023
300653,423,201000,4.3,22-04-2021
300654,990,200909,3,01-09-2024
300655,423,200560,1.3,01-07-2019
300656,972,200424,3.6,21-04-2022
300657,1395,200389,4.3,13-06-2021
300658,657,200316,2.2,01-11-2024
300659,1484,200365,3.9,05-12-2020
300660,919,200417,1.6,12-05-2023
300661,638,200537,3.8,14-03-2020
300662,924,200487,1.1,29-08-2022
300663,371,200895,2.5,17-06-2023
300664,1055,200926,1.7,05-01-2021
300665,1440,200374,3.9,11-11-2019
300666,500,200483,4,23-12-2022
300667,1266,200878,2.2,02-09-2023
300668,459,200825,2,10-06-2021
300669,1397,200314,4.9,19-04-2024
300670,357,200810,2.4,01-10-2020
300671,241,200739,3,07-08-2021
300672,644,200620,4.8,11-03-2023
300673,1426,200504,2,30-12-2019
300674,1345,200758,3.6,08-01-2024
300675,1274,200880,3.1,26-03-2022
300676,297,200900,3.6,15-07-2023
300677,5,200851,2.2,06-06-2020
300678,1136,200689,3.3,20-10-2024
300679,1100,200646,5,29-11-2021
300680,1313,200973,3.3,16-09-2022
300681,1391,200838,1.4,21-12-2020
300682,1195,200605,2,04-05-2023
300683,805,200560,1.6,30-06-2024
300684,1123,200539,4.7,05-08-2019
300685,1074,200420,2,19-01-2020
300686,512,200649,2.3,14-02-2021
300687,1268,200903,1.1,22-03-2024
300688,508,200962,2.2,26-10-2023
300689,1195,200380,3.1,08-05-2022
300690,1089,200816,2,03-08-2024
300691,28,200942,3.5,18-02-2022
300692,392,200682,4.6,30-05-2021
300693,12,200564,2.4,12-09-2020
300694,796,200656,3.8,19-08-2023
300695,323,200540,2,21-06-2022
300696,824,200537,2.1,25-09-2021
300697,1017,200754,3.7,11-06-2019
300698,924,200681,4.2,08-02-2020
300699,353,200705,4.1,12-12-2024
300700,711,200348,3.4,07-04-2023
300701,1111,200582,2.2,13-11-2022
300702,687,200878,1.6,02-12-2021
300703,642,200348,4.5,27-07-2020
300704,941,200931,3.1,18-07-2022
300705,814,200564,2,01-01-2023
300706,1288,200587,4.3,26-05-2024
300707,861,200777,1.4,09-09-2019
300708,389,200584,2.1,15-10-2021
300709,624,200991,2.6,02-04-2020
300710,954,200386,2.1,06-11-2023
300711,299,200942,1.5,31-01-2022
300712,431,200304,3.6,13-07-2024
300713,833,200595,1.7,09-03-2021
300714,369,200440,3,20-08-2020
300715,195,200343,2.6,01-12-2023
300716,72,200479,1.9,03-07-2021
300717,625,200996,1.4,17-10-2019
300718,175,200427,4.3,05-10-2022
300719,303,200865,1.5,11-02-2024
300720,1461,200757,2.3,15-11-2020
300721,326,200484,4.6,22-05-2020
300722,1389,200997,3.9,27-02-2023
300723,399,200600,1.9,26-04-2021
300724,50,200698,4,07-09-2024
300725,1198,200586,1.3,23-07-2019
300726,538,200415,2.9,15-04-2022
300727,410,200964,1.7,18-06-2021
300728,1009,200569,2.7,25-11-2024
300729,1266,200436,3.8,09-12-2020
300730,1484,200302,4.1,01-06-2023
300731,296,200994,4.7,03-08-2022
300732,567,200553,4.2,29-08-2021
300733,466,200969,4.2,27-11-2019
300734,1459,200559,2.1,21-09-2023
300735,337,200359,3.3,23-10-2020
300736,475,200663,2.3,10-12-2022
300737,151,200894,4.9,02-10-2021
300738,412,200479,2.7,30-06-2020
300739,927,200625,1.2,05-07-2023
300740,274,200326,2.6,19-01-2019
300741,1287,200955,2.2,28-01-2024
300742,339,200309,2.3,01-03-2022
300743,917,200601,1.9,21-12-2021
300744,1442,200362,2.6,09-03-2024
300745,653,200308,1.7,10-10-2023
300746,1429,200604,3.8,03-01-2020
300747,258,200832,2.8,30-05-2022
300748,965,200769,3.4,21-08-2024
300749,84,200573,1,01-05-2021
300750,943,200860,2.2,28-09-2020
300751,627,200848,2.7,06-08-2023
300752,280,200567,3.2,02-06-2022
300753,879,200318,4.6,10-09-2021
300754,225,200996,4.8,21-02-2020
300755,1096,200461,3.9,30-06-2019
300756,662,200761,3.1,27-12-2024
300757,981,200351,2.1,25-03-2023
300758,336,200498,4.1,05-11-2021
300759,1066,200361,4.7,27-11-2022
300760,1262,200388,4,12-07-2020
300761,644,200838,1.9,01-07-2022
300762,1264,200517,2,19-01-2023
300763,1263,200823,3.8,09-05-2024
300764,850,200346,3.7,27-02-2021
300765,727,200726,3.8,06-08-2020
300766,1250,200731,3.5,18-12-2023
300767,389,200649,1.2,21-07-2021
300768,1350,200679,3.6,01-10-2019
300769,632,200434,4.2,22-10-2022
300770,904,200768,3.9,26-02-2024
300771,994,200449,4.5,01-11-2020
300772,1301,200954,1.9,10-02-2023
300773,593,200852,1.9,09-04-2021
300774,1318,200528,3.8,23-09-2024
300775,805,200384,4.3,07-07-2019
300776,874,200480,1.9,29-04-2022
300777,131,200788,3.9,02-06-2021
300778,991,200653,2,08-11-2024
300779,405,200955,3.9,25-12-2020
300780,1310,200583,1.7,17-05-2023
300781,7,200361,2.8,17-08-2022
300782,1460,200844,1.6,14-08-2021
300783,1241,200716,3.6,01-11-2019
300784,1055,200615,3.7,09-09-2023
300785,1110,200661,3.6,08-10-2020
300786,463,200877,1.5,25-11-2022
300787,121,200529,1.6,21-09-2021
300788,1449,200616,2.3,16-06-2020
300789,1073,200390,2.6,20-07-2023
300790,1043,200851,4.7,03-02-2019
300791,875,200390,4.3,15-01-2024
300792,1178,200976,2.6,13-03-2022
300793,67,200767,4.1,07-12-2021
300794,615,200349,2,26-03-2024
300795,1254,200552,3.8,21-10-2023
300796,482,200631,1.7,17-01-2020
300797,1166,200317,1.4,15-06-2022
300798,1317,200734,1.1,09-08-2024
300799,1211,200741,2.8,16-04-2021
300800,889,200960,1.4,14-09-2020
300801,1386,200446,4.6,24-08-2023
300802,545,200342,1.9,27-06-2022
300803,702,200545,4.1,03-09-2021
300804,1152,200894,2.6,03-02-2020
300805,317,200667,3.9,18-06-2019
300806,670,200530,2.9,18-12-2024
300807,471,200999,2.8,14-04-2023
300808,1378,200317,3.2,29-10-2021
300809,341,200982,4.6,31-12-2022
300810,708,200825,3.1,01-07-2020
300811,200,200713,4,10-07-2022
300812,1114,200991,1.5,06-01-2023
300813,1048,200624,2.4,18-05-2024
300814,1252,200609,4.6,14-03-2021
300815,1031,200885,1,13-08-2020
300816,211,200858,2.9,10-12-2023
300817,788,200341,4.1,10-07-2021
300818,1219,200602,2,26-10-2019
300819,1057,200465,3.3,12-10-2022
300820,598,200393,3,19-02-2024
300821,280,200438,1.7,23-11-2020
300822,346,200442,3.5,19-02-2023
300823,719,200673,4.4,12-05-2021
300824,682,200763,1.8,01-10-2024
300825,942,200568,3,19-07-2019
300826,828,200740,3.7,14-05-2022
300827,1033,200711,4.1,26-06-2021
300828,1084,200491,1.6,12-11-2024
300829,1271,200965,3.7,17-12-2020
300830,235,200802,1.3,29-05-2023
300831,147,200526,4.8,01-09-2022
300832,150,200681,3.7,21-08-2021
300833,1055,200350,4.6,15-11-2019
300834,1291,200351,2.4,04-10-2023
300835,1338,200380,2.4,16-10-2020
300836,213,200543,2.5,03-12-2022
300837,391,200956,2,16-09-2021
300838,276,200338,3.3,23-06-2020
300839,516,200543,4.4,13-07-2023
300840,142,200550,4.5,11-03-2019
300841,499,200356,3.6,03-01-2024
300842,108,200633,1.9,04-02-2022
300843,1290,200888,4.6,28-12-2021
300844,796,200306,3.7,12-04-2024
300845,153,200811,2.3,19-11-2023
300846,35,200612,3.4,11-01-2020
300847,934,200682,3.1,09-06-2022
300848,939,200367,4.6,17-09-2024
300849,810,200634,1.3,01-04-2021
300850,337,200427,2.2,02-09-2020
300851,374,200422,4.8,10-08-2023
300852,561,200475,2.9,24-07-2022
300853,1003,200653,2.6,28-09-2021
300854,719,200794,2.3,15-02-2020
300855,1127,200549,3.8,01-06-2019
300856,422,200709,4.5,03-12-2024
300857,323,200340,1.9,30-03-2023
300858,1152,200670,1.4,20-11-2021
300859,413,200637,2.3,05-11-2022
300860,410,200564,4.6,18-07-2020
300861,861,200732,2.4,30-07-2022
300862,759,200496,3.8,13-01-2023
300863,135,200574,3.9,01-05-2024
300864,1270,200853,2,25-03-2021
300865,1126,200920,3.8,01-08-2020
300866,504,200364,3.6,24-12-2023
300867,492,200502,1.7,16-07-2021
300868,1250,200416,4.9,09-10-2019
300869,1330,200653,3.8,01-10-2022
300870,789,200555,2.2,05-02-2024
300871,1444,200622,5,07-11-2020
300872,134,200329,4.9,03-02-2023
300873,925,200945,4.4,22-04-2021
300874,9,200548,3.6,01-09-2024
300875,1375,200496,3.1,01-07-2019
300876,679,200472,2.6,21-04-2022
300877,1329,200401,1.9,13-06-2021
300878,17,200595,4.7,01-11-2024
300879,939,200431,1.5,05-12-2020
300880,744,200720,2.7,12-05-2023
300881,1039,200910,3.9,14-03-2020
300882,1093,200744,4.8,29-08-2022
300883,444,200543,4.5,17-06-2023
300884,640,200387,4.9,05-01-2021
300885,491,200662,1.6,11-11-2019
300886,13,200608,4.4,23-12-2022
300887,1412,200395,1.5,02-09-2023
300888,1363,200376,1.8,10-06-2021
300889,682,200346,3.1,19-04-2024
300890,665,200541,3.2,01-10-2020
300891,812,200484,1.5,07-08-2021
300892,846,200816,1,11-03-2023
300893,580,200677,1.3,30-12-2019
300894,1378,200845,4,08-01-2024
300895,797,200410,3.2,26-03-2022
300896,945,200476,4.8,15-07-2023
300897,392,200637,4.3,06-06-2020
300898,304,200994,4.5,20-10-2024
300899,243,200884,3.1,29-11-2021
300900,483,200451,3.5,16-09-2022
300901,396,200375,4.6,21-12-2020
300902,749,200840,2.6,04-05-2023
300903,765,200846,4,30-06-2024
300904,400,200603,4.2,05-08-2019
300905,317,200878,4.7,19-01-2020
300906,1121,200837,2.7,14-02-2021
300907,937,200969,4.7,22-03-2024
300908,520,200592,4,26-10-2023
300909,749,200303,1.8,08-05-2022
300910,79,200537,3.4,03-08-2024
300911,822,200968,2.7,18-02-2022
300912,413,200349,3.3,30-05-2021
300913,1403,200529,1.4,12-09-2020
300914,914,200887,1.6,19-08-2023
300915,1445,200460,3.2,21-06-2022
300916,243,200572,1,25-09-2021
300917,1302,200696,2.5,11-06-2019
300918,556,200539,4.5,08-02-2020
300919,955,200465,2.7,12-12-2024
300920,872,200813,2.5,07-04-2023
300921,1276,200630,4.7,13-11-2022
300922,426,200812,2.8,02-12-2021
300923,496,200665,3.6,27-07-2020
300924,171,200739,4.5,18-07-2022
300925,245,200376,4.3,01-01-2023
300926,628,200492,3.9,26-05-2024
300927,1478,200393,3.1,09-09-2019
300928,116,200508,1.7,15-10-2021
300929,618,200378,5,02-04-2020
300930,1376,200729,1.4,06-11-2023
300931,97,200637,4.6,31-01-2022
300932,1060,200561,3.4,13-07-2024
300933,747,200935,2.8,09-03-2021
300934,115,200988,2.6,20-08-2020
300935,21,200786,1.9,01-12-2023
300936,924,200973,4.2,03-07-2021
300937,1105,200722,4.4,17-10-2019
300938,386,200509,3.4,05-10-2022
300939,767,200521,2.8,11-02-2024
300940,799,200894,4.8,15-11-2020
300941,364,200731,4.4,22-05-2020
300942,130,200737,2.3,27-02-2023
300943,384,200839,4.3,26-04-2021
300944,443,200818,2,07-09-2024
300945,1254,200399,2.2,23-07-2019
300946,186,200945,2.3,15-04-2022
300947,1268,200680,1.5,18-06-2021
300948,1267,200410,4.6,25-11-2024
300949,1180,200618,3.1,09-12-2020
300950,1081,200951,3.9,01-06-2023
300951,423,200558,2.9,03-08-2022
300952,49,200745,1.5,29-08-2021
300953,1472,200867,4.3,27-11-2019
300954,913,200865,4,21-09-2023
300955,23,200680,3.3,23-10-2020
300956,1410,200945,2.8,10-12-2022
300957,616,200619,1.3,02-10-2021
300958,1321,200499,3.2,30-06-2020
300959,279,200903,2,05-07-2023
300960,721,200922,2.6,19-01-2019
300961,922,200318,4.4,28-01-2024
300962,1407,200517,3.2,01-03-2022
300963,860,200591,1.9,21-12-2021
300964,1148,200784,1.8,09-03-2024
300965,1125,200804,3.9,10-10-2023
300966,381,200349,1.4,03-01-2020
300967,1425,200332,4.1,30-05-2022
300968,1134,200859,4.6,21-08-2024
300969,1040,200920,3.6,01-05-2021
300970,955,200549,2.7,28-09-2020
300971,1391,200739,3.5,06-08-2023
300972,431,200657,1.8,02-06-2022
300973,277,200700,4,10-09-2021
300974,1321,200767,3.1,21-02-2020
300975,1067,200775,2.6,30-06-2019
300976,754,200412,1,27-12-2024
300977,875,200361,1.8,25-03-2023
300978,931,200699,3.4,05-11-2021
300979,1103,200434,4.2,27-11-2022
300980,1040,200680,1.2,12-07-2020
300981,1361,200749,2.5,01-07-2022
300982,1225,200897,1.7,19-01-2023
300983,274,200667,2.7,09-05-2024
300984,901,200970,4.5,27-02-2021
300985,93,200502,3.3,06-08-2020
300986,501,200683,2.6,18-12-2023
300987,615,200779,2.7,21-07-2021
300988,154,200728,4.8,01-10-2019
300989,135,200452,4,22-10-2022
300990,489,200705,4.2,26-02-2024
300991,605,200721,1.5,01-11-2020
300992,25,200856,2.8,10-02-2023
300993,918,200885,3.7,09-04-2021
300994,986,200424,3,23-09-2024
300995,381,200997,4.7,07-07-2019
300996,917,200966,4.3,29-04-2022
300997,1382,200796,1.4,02-06-2021
300998,780,200301,4.4,08-11-2024
300999,630,200901,4.3,25-12-2020
301000,385,200451,4.9,17-05-2023
301001,1082,200773,3,29-08-2022
301002,1303,200573,2.7,17-06-2023
301003,354,200598,1.9,05-01-2021
301004,866,200760,2.8,11-11-2019
301005,1200,200685,2.7,23-12-2022
301006,993,200317,3.6,02-09-2023
301007,981,200729,3.4,10-06-2021
301008,796,200583,1.6,19-04-2024
301009,639,200888,4.4,01-10-2020
301010,1473,200508,4.1,07-08-2021
301011,1185,200598,1.6,11-03-2023
301012,228,200692,2.3,30-12-2019
301013,202,200549,2.5,08-01-2024
301014,282,200747,2.7,26-03-2022
301015,1235,200743,3.4,15-07-2023
301016,786,200506,4.8,06-06-2020
301017,10,200491,3.5,20-10-2024
301018,1326,200408,3.8,29-11-2021
301019,969,200859,4.6,16-09-2022
301020,335,200670,3,21-12-2020
301021,961,200735,2.2,04-05-2023
301022,722,200906,2.5,30-06-2024
301023,1326,200471,3.7,05-08-2019
301024,524,200510,3.5,19-01-2020
301025,1479,200658,4.2,14-02-2021
301026,1045,200625,4.9,22-03-2024
301027,714,200600,4.9,26-10-2023
301028,1453,200988,3.1,08-05-2022
301029,572,200515,2.1,03-08-2024
301030,481,200450,4.5,18-02-2022
301031,1238,200629,2.4,30-05-2021
301032,1332,200673,4.9,12-09-2020
301033,1050,200789,2.6,19-08-2023
301034,111,200738,3.8,21-06-2022
301035,1476,200783,1.7,25-09-2021
301036,833,200726,4.6,11-06-2019
301037,228,200308,2.2,08-02-2020
301038,1255,200852,3.7,12-12-2024
301039,140,200321,2,07-04-2023
301040,914,200534,2.3,13-11-2022
301041,689,200906,3.2,02-12-2021
301042,696,200383,1.9,27-07-2020
301043,122,200825,2.1,18-07-2022
301044,589,200888,4.9,01-01-2023
301045,1007,200737,2.1,26-05-2024
301046,1459,200672,3.3,09-09-2019
301047,759,200815,4.2,15-10-2021
301048,609,200667,3.5,02-04-2020
301049,1460,200522,1.7,06-11-2023
301050,1287,200965,2.7,31-01-2022
301051,794,200741,3.6,13-07-2024
301052,447,200669,2.6,09-03-2021
301053,1106,200579,2.7,20-08-2020
301054,62,200544,3.9,01-12-2023
301055,1394,200877,1.8,03-07-2021
301056,703,200797,1.9,17-10-2019
301057,464,200940,2.8,05-10-2022
301058,308,200661,4.6,11-02-2024
301059,1327,200730,4.7,15-11-2020
301060,829,200883,2.6,22-05-2020
301061,1466,200820,2.9,27-02-2023
301062,797,200472,2.6,26-04-2021
301063,852,200447,5,07-09-2024
301064,439,200974,3.1,23-07-2019
301065,122,200435,2.1,15-04-2022
301066,996,200647,3.5,18-06-2021
301067,1057,200967,3.2,25-11-2024
301068,1419,200702,4.3,09-12-2020
301069,1168,200743,3,01-06-2023
301070,202,200769,4.1,03-08-2022
301071,215,200431,2.3,29-08-2021
301072,770,200450,2.4,27-11-2019
301073,471,200571,3,21-09-2023
301074,139,200963,2.3,23-10-2020
301075,295,200792,2.7,10-12-2022
301076,1136,200713,4,02-10-2021
301077,1277,200395,2.6,30-06-2020
301078,1372,200592,3.1,05-07-2023
301079,575,200763,3.4,19-01-2019
301080,716,200829,3.9,28-01-2024
301081,510,200756,1.3,01-03-2022
301082,1253,200658,3.8,21-12-2021
301083,400,200436,3.4,09-03-2024
301084,1496,200882,1.9,10-10-2023
301085,292,200805,3.6,03-01-2020
301086,605,200396,1.8,30-05-2022
301087,141,200710,4.9,21-08-2024
301088,979,200734,4.6,01-05-2021
301089,327,200305,1.9,28-09-2020
301090,405,200806,4.7,06-08-2023
301091,1051,200543,3.7,02-06-2022
301092,991,200395,3.3,10-09-2021
301093,1093,200466,4.8,21-02-2020
301094,1216,200465,1.6,30-06-2019
301095,262,200789,1,27-12-2024
301096,1497,200977,2.8,25-03-2023
301097,177,200947,1,05-11-2021
301098,542,200707,2.6,27-11-2022
301099,591,200674,3.8,12-07-2020
301100,1461,200633,2.4,01-07-2022
301101,1229,200830,4.5,19-01-2023
301102,370,200871,1.4,09-05-2024
301103,698,200955,3,27-02-2021
301104,724,200526,2.6,06-08-2020
301105,537,200816,2,18-12-2023
301106,1305,200313,3.6,21-07-2021
301107,508,200897,4.1,01-10-2019
301108,832,200490,1.4,22-10-2022
301109,211,200393,3.4,26-02-2024
301110,1020,200599,3.4,01-11-2020
301111,13,200765,4.5,10-02-2023
301112,254,200861,2.6,09-04-2021
301113,1214,200941,2.6,23-09-2024
301114,563,200659,2.5,07-07-2019
301115,829,200597,3.8,29-04-2022
301116,824,200747,3.1,02-06-2021
301117,455,200564,2.5,08-11-2024
301118,157,200824,4.2,25-12-2020
301119,1346,200426,4.4,17-05-2023
301120,1356,200595,2.2,17-08-2022
301121,632,200391,2,14-08-2021
301122,1229,200349,4.4,01-11-2019
301123,371,200573,3.6,09-09-2023
301124,803,200338,1.4,08-10-2020
301125,1025,200687,3.9,25-11-2022
301126,56,200765,2.9,21-09-2021
301127,513,200675,1.8,16-06-2020
301128,26,200736,3.8,20-07-2023
301129,128,200484,2.6,03-02-2019
301130,267,200768,1.6,15-01-2024
301131,1197,200918,1,13-03-2022
301132,46,200628,1.6,07-12-2021
301133,682,200564,2.3,26-03-2024
301134,99,200879,2.5,21-10-2023
301135,9,200659,5,17-01-2020
301136,972,200958,4.5,15-06-2022
301137,1425,200766,1.8,09-08-2024
301138,1071,200614,3.7,16-04-2021
301139,536,200546,1.1,14-09-2020
301140,299,200691,3.2,24-08-2023
301141,984,200673,2.6,27-06-2022
301142,1309,200443,3.1,03-09-2021
301143,59,200505,2.1,03-02-2020
301144,836,200582,2,18-06-2019
301145,485,200406,4.6,18-12-2024
301146,818,200487,1.7,14-04-2023
301147,1434,200930,4.6,29-10-2021
301148,916,200886,3.2,31-12-2022
301149,1244,200476,3.4,01-07-2020
301150,153,200976,3.5,10-07-2022
301151,1271,200525,3.1,06-01-2023
301152,123,200994,3.6,18-05-2024
301153,743,200337,1.7,14-03-2021
301154,283,200430,4.2,13-08-2020
301155,378,200827,3.2,10-12-2023
301156,1364,200397,4.7,10-07-2021
301157,1360,200492,4.1,26-10-2019
301158,1429,200704,4.3,12-10-2022
301159,214,200739,3.6,19-02-2024
301160,902,200461,4.5,23-11-2020
301161,724,200891,3.3,19-02-2023
301162,814,200980,3.1,12-05-2021
301163,712,200881,3.1,01-10-2024
301164,323,200864,2.8,19-07-2019
301165,334,200530,4.4,14-05-2022
301166,295,200589,1.7,26-06-2021
301167,1287,200363,3.7,12-11-2024
301168,586,200935,5,17-12-2020
301169,346,200341,2.5,29-05-2023
301170,1194,200453,2.2,01-09-2022
301171,1421,200638,3.2,21-08-2021
301172,998,200481,3.5,15-11-2019
301173,900,200358,3.6,04-10-2023
301174,1387,200854,2.2,16-10-2020
301175,959,200972,2.1,03-12-2022
301176,677,200959,4.6,16-09-2021
301177,1273,200443,4.9,23-06-2020
301178,1382,200949,4.5,13-07-2023
301179,642,200884,3.3,11-03-2019
301180,221,200693,2.9,03-01-2024
301181,656,200461,3.5,04-02-2022
301182,190,200600,3.9,28-12-2021
301183,318,200480,4,12-04-2024
301184,1465,200956,1.5,19-11-2023
301185,395,200474,4.8,11-01-2020
301186,213,200500,2.2,09-06-2022
301187,348,200387,3,17-09-2024
301188,634,200781,4.7,01-04-2021
301189,594,200607,2.4,02-09-2020
301190,425,200769,2.3,10-08-2023
301191,1375,200475,3.9,24-07-2022
301192,1490,200723,3.6,28-09-2021
301193,327,200466,2.4,15-02-2020
301194,1396,200764,3.6,01-06-2019
301195,1351,200365,4.4,03-12-2024
301196,503,200675,4.3,30-03-2023
301197,1484,200621,3.6,20-11-2021
301198,1360,200453,1,05-11-2022
301199,150,200911,5,18-07-2020
301200,160,200442,1,30-07-2022
301201,1347,200344,4.5,13-01-2023
301202,739,200348,1.5,01-05-2024
301203,1363,200766,1.3,25-03-2021
301204,150,200969,1.4,01-08-2020
301205,2,200593,3.2,24-12-2023
301206,230,200898,4.8,16-07-2021
301207,654,200788,2.6,09-10-2019
301208,250,200639,2.5,01-10-2022
301209,259,200537,4.7,05-02-2024
301210,27,200569,3.5,07-11-2020
301211,1491,200987,2.9,03-02-2023
301212,663,200805,2.8,22-04-2021
301213,213,200437,2.5,01-09-2024
301214,1089,200775,2.5,01-07-2019
301215,1353,200707,1.7,21-04-2022
301216,307,200464,3.7,13-06-2021
301217,930,200600,1.5,01-11-2024
301218,677,200518,2.7,05-12-2020
301219,1410,200980,1.6,12-05-2023
301220,163,200710,2.8,14-03-2020
301221,735,200708,2,29-08-2022
301222,1292,200642,2.2,17-06-2023
301223,640,200715,2.5,05-01-2021
301224,1259,200640,4,11-11-2019
301225,232,200570,2.7,23-12-2022
301226,705,200710,3.4,02-09-2023
301227,465,200312,1.9,10-06-2021
301228,1228,200337,4.5,19-04-2024
301229,374,200904,2.7,01-10-2020
301230,1358,200438,2.8,07-08-2021
301231,1245,200960,3.3,11-03-2023
301232,1133,200443,2.2,30-12-2019
301233,674,200860,4.7,08-01-2024
301234,112,200435,4.1,26-03-2022
301235,128,200715,2.4,15-07-2023
301236,1090,200324,4.8,06-06-2020
301237,1334,200540,3.2,20-10-2024
301238,431,200804,4.6,29-11-2021
301239,102,200310,2.8,16-09-2022
301240,1277,200348,4,21-12-2020
301241,273,200787,1.8,04-05-2023
301242,449,200569,3.8,30-06-2024
301243,610,200774,3.5,05-08-2019
301244,1411,200550,2.6,19-01-2020
301245,405,200658,3.3,14-02-2021
301246,158,200310,2.9,22-03-2024
301247,744,200735,4.8,26-10-2023
301248,147,200889,2.1,08-05-2022
301249,1072,200760,4.4,03-08-2024
301250,863,200772,3.9,18-02-2022
301251,865,200466,4.6,30-05-2021
301252,998,200476,3.1,12-09-2020
301253,105,200741,4.2,19-08-2023
301254,1156,200427,1.5,21-06-2022
301255,168,200906,4.8,25-09-2021
301256,1096,200621,1.2,11-06-2019
301257,1331,200714,4.4,08-02-2020
301258,1247,200935,4,12-12-2024
301259,960,200882,4.3,07-04-2023
301260,1169,200711,3.7,13-11-2022
301261,290,200710,2.6,02-12-2021
301262,254,200535,2.7,27-07-2020
301263,411,200657,4.6,18-07-2022
301264,543,200527,4.1,01-01-2023
301265,1330,200343,3.9,26-05-2024
301266,185,200396,3.5,09-09-2019
301267,261,200863,3.8,15-10-2021
301268,212,200575,3.3,02-04-2020
301269,1366,200372,4,06-11-2023
301270,455,200814,4.4,31-01-2022
301271,1276,200768,3,13-07-2024
301272,194,200691,3.6,09-03-2021
301273,389,200823,2.6,20-08-2020
301274,883,200790,4.1,01-12-2023
301275,973,200732,3.3,03-07-2021
301276,1416,200950,1.7,17-10-2019
301277,1427,200475,4.4,05-10-2022
301278,967,200431,1.9,11-02-2024
301279,751,200793,1.9,15-11-2020
301280,1413,200846,2.3,22-05-2020
301281,997,200938,4.1,27-02-2023
301282,500,200777,2.1,26-04-2021
301283,202,200360,3.3,07-09-2024
301284,1406,200716,4.5,23-07-2019
301285,412,200320,4.5,15-04-2022
301286,978,200887,3.2,18-06-2021
301287,444,200968,2.1,25-11-2024
301288,70,200648,2.4,09-12-2020
301289,996,200781,4.1,01-06-2023
301290,641,200894,4.1,03-08-2022
301291,1369,200962,1.2,29-08-2021
301292,217,200639,2.8,27-11-2019
301293,1337,200718,1.3,21-09-2023
301294,1380,200350,2.9,23-10-2020
301295,654,200524,2,10-12-2022
301296,480,200405,2.3,02-10-2021
301297,427,200453,4.1,30-06-2020
301298,720,200849,4.9,05-07-2023
301299,1447,200780,3.8,19-01-2019
301300,571,200937,1.6,28-01-2024
301301,1487,200653,4,01-03-2022
301302,378,200530,4.9,21-12-2021
301303,883,200315,4.4,09-03-2024
301304,1099,200771,2.1,10-10-2023
301305,1324,200661,2,03-01-2020
301306,292,200310,1.6,30-05-2022
301307,799,200454,4.8,21-08-2024
301308,880,200487,3.5,01-05-2021
301309,672,200886,3.4,28-09-2020
301310,917,200756,3.3,06-08-2023
301311,806,200323,2.6,02-06-2022
301312,408,200640,2.3,10-09-2021
301313,581,200940,4,21-02-2020
301314,433,200691,3.6,30-06-2019
301315,534,200629,3.5,27-12-2024
301316,1260,200371,3.2,25-03-2023
301317,93,200726,3.6,05-11-2021
301318,1031,200996,2.1,27-11-2022
301319,1347,200735,4.9,12-07-2020
301320,549,200532,2.7,01-07-2022
301321,1445,200303,3.3,19-01-2023
301322,102,200533,1.3,09-05-2024
301323,1022,200531,3.7,27-02-2021
301324,876,200325,4,06-08-2020
301325,1478,200903,1.9,18-12-2023
301326,103,200602,2.4,21-07-2021
301327,397,200838,2.1,01-10-2019
301328,98,200333,2.5,22-10-2022
301329,717,200969,2.2,26-02-2024
301330,431,200583,4.5,01-11-2020
301331,918,200865,4.2,10-02-2023
301332,614,200828,1.1,09-04-2021
301333,1329,200772,2.1,23-09-2024
301334,269,200612,2.2,07-07-2019
301335,1373,200366,2.2,29-04-2022
301336,1217,200665,1,02-06-2021
301337,1239,200427,1.9,08-11-2024
301338,149,200907,1,25-12-2020
301339,201,200927,4.3,17-05-2023
301340,837,200544,4.8,17-08-2022
301341,1266,200860,3.3,14-08-2021
301342,760,200447,2,01-11-2019
301343,1094,200665,4.4,09-09-2023
301344,893,200344,3.5,08-10-2020
301345,1003,200382,4,25-11-2022
301346,990,200681,3.3,21-09-2021
301347,63,200452,2.2,16-06-2020
301348,868,200537,3.9,20-07-2023
301349,1429,200432,4.1,03-02-2019
301350,324,200369,3.5,15-01-2024
301351,545,200971,3.6,13-03-2022
301352,591,200836,2.8,07-12-2021
301353,805,200601,1.6,26-03-2024
301354,628,200433,4.7,21-10-2023
301355,253,200501,1.5,17-01-2020
301356,129,200445,4,15-06-2022
301357,1172,200701,4.4,09-08-2024
301358,809,200403,2.6,16-04-2021
301359,1293,200745,2.5,14-09-2020
301360,1383,200454,4,24-08-2023
301361,1208,200599,4.6,27-06-2022
301362,669,200979,3.4,03-09-2021
301363,1288,200586,3.8,03-02-2020
301364,99,200457,4.2,18-06-2019
301365,418,200693,4.2,18-12-2024
301366,1221,200669,1.6,14-04-2023
301367,732,200364,2.8,29-10-2021
301368,387,200420,1.3,31-12-2022
301369,674,200394,4.1,01-07-2020
301370,1385,200940,1.1,10-07-2022
301371,1450,200483,2.6,06-01-2023
301372,1487,200540,4.8,18-05-2024
301373,656,200380,3.3,14-03-2021
301374,1128,200990,1.7,13-08-2020
301375,165,200958,1.8,10-12-2023
301376,1071,200416,2.9,10-07-2021
301377,1292,200614,2.7,26-10-2019
301378,90,200816,4.4,12-10-2022
301379,344,200881,1.8,19-02-2024
301380,128,200399,4.4,23-11-2020
301381,529,200345,2.1,19-02-2023
301382,8,200818,1.3,12-05-2021
301383,531,200343,4.6,01-10-2024
301384,722,200849,4.9,19-07-2019
301385,466,200558,3.8,14-05-2022
301386,1381,200798,3.9,26-06-2021
301387,985,200370,4.4,12-11-2024
301388,1151,200347,2.4,17-12-2020
301389,1476,200639,2.1,29-05-2023
301390,390,200757,2.2,01-09-2022
301391,464,200635,4.1,21-08-2021
301392,1090,200775,2.2,15-11-2019
301393,1058,200630,3.7,04-10-2023
301394,399,200758,2.6,16-10-2020
301395,467,200743,3.2,03-12-2022
301396,1000,200419,3.4,16-09-2021
301397,995,200327,2.5,23-06-2020
301398,686,200459,2.2,13-07-2023
301399,540,200466,3.7,11-03-2019
301400,129,200904,2.5,03-01-2024
301401,294,200428,2.2,04-02-2022
301402,632,200968,3,28-12-2021
301403,1316,200987,4.9,12-04-2024
301404,1281,200695,4.6,19-11-2023
301405,1408,200570,3.4,11-01-2020
301406,788,200865,3.2,09-06-2022
301407,950,200345,3.5,17-09-2024
301408,207,200697,3.9,01-04-2021
301409,183,200699,2.6,02-09-2020
301410,1131,200767,3.1,10-08-2023
301411,1130,200612,1.5,24-07-2022
301412,830,200919,4,28-09-2021
301413,77,200381,4.3,15-02-2020
301414,646,200549,3.1,01-06-2019
301415,598,200861,3,03-12-2024
301416,1098,200545,1.8,30-03-2023
301417,1458,200823,4,20-11-2021
301418,808,200573,2.1,05-11-2022
301419,154,200663,2.3,18-07-2020
301420,777,200350,4.7,30-07-2022
301421,411,200852,2.2,13-01-2023
301422,55,200516,2.8,01-05-2024
301423,1181,200461,1.9,25-03-2021
301424,769,200623,4.3,01-08-2020
301425,57,200952,4.5,24-12-2023
301426,459,200938,4.7,16-07-2021
301427,607,200716,2.6,09-10-2019
301428,495,200633,4,01-10-2022
301429,1178,200463,3.8,05-02-2024
301430,43,200876,2.3,07-11-2020
301431,66,200797,3.2,03-02-2023
301432,410,200468,4,22-04-2021
301433,1347,200578,2.9,01-09-2024
301434,110,200618,2.7,01-07-2019
301435,499,200500,3.5,21-04-2022
301436,43,200914,1.8,13-06-2021
301437,458,200708,1.9,01-11-2024
301438,384,200599,2.5,05-12-2020
301439,1280,200454,4.2,12-05-2023
301440,1487,200906,2.2,14-03-2020
301441,439,200562,2.3,29-08-2022
301442,204,200301,1.2,17-06-2023
301443,677,200702,3.4,05-01-2021
301444,900,200852,1.2,11-11-2019
301445,907,200863,2.6,23-12-2022
301446,184,200551,3.3,02-09-2023
301447,1177,200384,3.6,10-06-2021
301448,286,200457,3.9,19-04-2024
301449,1376,200927,1.4,01-10-2020
301450,362,200900,3,07-08-2021
301451,769,200865,4.5,11-03-2023
301452,774,200450,2.9,30-12-2019
301453,55,200473,3.9,08-01-2024
301454,894,200456,4.1,26-03-2022
301455,1230,200950,2.2,15-07-2023
301456,226,200741,1.4,06-06-2020
301457,576,200678,4.2,20-10-2024
301458,187,200642,3.1,29-11-2021
301459,146,200666,2.5,16-09-2022
301460,180,200704,3.2,21-12-2020
301461,868,200665,2.1,04-05-2023
301462,136,200392,3.3,30-06-2024
301463,1048,200358,2.3,05-08-2019
301464,1255,200738,2.6,19-01-2020
301465,1246,200752,1.7,14-02-2021
301466,329,200518,4.8,22-03-2024
301467,768,200644,3.3,26-10-2023
301468,694,200824,3.8,08-05-2022
301469,573,200960,2.8,03-08-2024
301470,226,200536,1.8,18-02-2022
301471,507,200835,2.4,30-05-2021
301472,765,200345,1.8,12-09-2020
301473,847,200309,3.6,19-08-2023
301474,10,200456,3.7,21-06-2022
301475,88,200409,4.5,25-09-2021
301476,1359,200788,1,11-06-2019
301477,876,200332,3.3,08-02-2020
301478,1288,200380,4,12-12-2024
301479,164,200669,3,07-04-2023
301480,676,200448,3.7,13-11-2022
301481,1187,200816,3.7,02-12-2021
301482,911,200853,2.8,27-07-2020
301483,577,200662,2.2,18-07-2022
301484,279,200733,4.2,01-01-2023
301485,1440,200486,1.6,26-05-2024
301486,179,200336,4.9,09-09-2019
301487,553,200487,1.7,15-10-2021
301488,1460,200335,2.8,02-04-2020
301489,680,200817,3.3,06-11-2023
301490,1205,200790,3.5,31-01-2022
301491,962,200939,4.5,13-07-2024
301492,945,200353,4.6,09-03-2021
301493,1339,200988,4.9,20-08-2020
301494,66,200685,4.3,01-12-2023
301495,1087,200504,2.2,03-07-2021
301496,1417,200357,2.6,17-10-2019
301497,510,200371,2.8,05-10-2022
301498,667,200534,1.2,11-02-2024
301499,1344,200914,2.3,15-11-2020
301500,1367,200979,3.3,22-05-2020
301501,65,200967,3.7,27-02-2023
301502,36,200467,4.2,26-04-2021
301503,214,200632,3.7,07-09-2024
301504,1351,200927,2,23-07-2019
301505,474,200522,3.9,15-04-2022
301506,85,200934,4,18-06-2021
301507,428,200519,2.2,25-11-2024
301508,1120,200956,2.9,09-12-2020
301509,1391,200388,1.5,01-06-2023
301510,465,200812,4.4,03-08-2022
301511,863,200525,2.2,29-08-2021
301512,774,200310,1,27-11-2019
301513,1434,200837,3.4,21-09-2023
301514,59,200813,3.8,23-10-2020
301515,471,200755,3.5,10-12-2022
301516,189,200446,4.8,02-10-2021
301517,629,200448,3.5,30-06-2020
301518,1217,200780,2.1,05-07-2023
301519,1339,200435,4,19-01-2019
301520,513,200881,3.4,28-01-2024
301521,774,200796,2.2,01-03-2022
301522,640,200922,3.6,21-12-2021
301523,1453,200852,1.8,09-03-2024
301524,19,200327,3.4,10-10-2023
301525,1488,200954,2.2,03-01-2020
301526,1308,200647,2.1,30-05-2022
301527,754,200325,1.7,21-08-2024
301528,1173,200360,1.2,01-05-2021
301529,1268,200916,1,28-09-2020
301530,772,200788,3.4,06-08-2023
301531,478,200599,2.5,02-06-2022
301532,482,200664,4.6,10-09-2021
301533,856,200326,4.9,21-02-2020
301534,300,200345,2,30-06-2019
301535,13,200633,4.1,27-12-2024
301536,897,200993,2.6,25-03-2023
301537,185,200718,2.8,05-11-2021
301538,1123,200738,1.1,27-11-2022
301539,1153,200780,3.3,12-07-2020
301540,384,200978,3.1,01-07-2022
301541,48,200595,2.5,19-01-2023
301542,883,200303,1.9,09-05-2024
301543,967,200384,1,27-02-2021
301544,273,200679,4.3,06-08-2020
301545,482,200975,4.9,18-12-2023
301546,419,200510,3.2,21-07-2021
301547,442,200905,2.3,01-10-2019
301548,1494,200793,1.8,22-10-2022
301549,823,200737,2.8,26-02-2024
301550,1212,200339,3.1,01-11-2020
301551,605,200341,1.6,10-02-2023
301552,53,200928,1.6,09-04-2021
301553,62,200748,4.5,23-09-2024
301554,827,200870,4.7,07-07-2019
301555,150,200399,4.9,29-04-2022
301556,81,200438,4.1,02-06-2021
301557,94,200345,2.3,08-11-2024
301558,732,200709,2.8,25-12-2020
301559,1349,200791,1.8,17-05-2023
301560,1016,200523,2.9,17-08-2022
301561,452,200798,1.3,14-08-2021
301562,36,200604,2.3,01-11-2019
301563,1453,200519,4.6,09-09-2023
301564,1033,200480,2.2,08-10-2020
301565,824,200481,3.3,25-11-2022
301566,800,200712,4.8,21-09-2021
301567,780,200777,3.4,16-06-2020
301568,1179,200572,4.8,20-07-2023
301569,736,200539,4.9,03-02-2019
301570,1286,200381,3,15-01-2024
301571,905,200315,3.2,13-03-2022
301572,1011,200330,3.6,07-12-2021
301573,1146,200690,1.6,26-03-2024
301574,73,200588,1,21-10-2023
301575,362,200591,2.6,17-01-2020
301576,455,200392,2.5,15-06-2022
301577,480,200923,2.3,09-08-2024
301578,1117,200326,2.3,16-04-2021
301579,733,200812,2.2,14-09-2020
301580,785,200523,4.1,24-08-2023
301581,185,200576,4.4,27-06-2022
301582,1027,200324,3.4,03-09-2021
301583,532,200652,1.8,03-02-2020
301584,1396,200709,4.7,18-06-2019
301585,1422,200820,1,18-12-2024
301586,1492,200494,3.2,14-04-2023
301587,698,200444,4.6,29-10-2021
301588,264,200916,4.3,31-12-2022
301589,74,200614,3.8,01-07-2020
301590,477,200632,4.4,10-07-2022
301591,294,200857,1.2,06-01-2023
301592,448,200447,1.9,18-05-2024
301593,1411,200508,4.1,14-03-2021
301594,28,200316,1.1,13-08-2020
301595,798,200665,4,10-12-2023
301596,1416,200401,3.7,10-07-2021
301597,139,200406,4.4,26-10-2019
301598,1040,200623,2.6,12-10-2022
301599,1195,200960,3,19-02-2024
301600,985,200745,1.8,23-11-2020
301601,961,200836,2.6,19-02-2023
301602,1274,200987,3,12-05-2021
301603,1487,200642,4.7,01-10-2024
301604,636,200652,3.8,19-07-2019
301605,1204,200715,4.9,14-05-2022
301606,945,200688,1.3,26-06-2021
301607,1253,200711,3.7,12-11-2024
301608,1200,200819,2,17-12-2020
301609,607,200308,4.6,29-05-2023
301610,492,200775,2.4,01-09-2022
301611,692,200955,4.9,21-08-2021
301612,1279,200730,1.7,15-11-2019
301613,778,200422,3.2,04-10-2023
301614,210,200685,1.1,16-10-2020
301615,1314,200963,2.8,03-12-2022
301616,539,200322,1.6,16-09-2021
301617,1469,200613,4.4,23-06-2020
301618,597,200630,1.9,13-07-2023
301619,1274,200589,4.7,11-03-2019
301620,1130,200342,3.2,03-01-2024
301621,50,200747,3.1,04-02-2022
301622,491,200721,2.6,28-12-2021
301623,298,200487,4.5,12-04-2024
301624,711,200442,3.7,19-11-2023
301625,906,200873,1,11-01-2020
301626,1147,200820,3.2,09-06-2022
301627,249,200664,4.7,17-09-2024
301628,1370,200514,1.9,01-04-2021
301629,655,200997,2.3,02-09-2020
301630,350,200425,4.6,10-08-2023
301631,696,200869,3,24-07-2022
301632,1378,200629,2.2,28-09-2021
301633,982,200894,4.9,15-02-2020
301634,880,200545,1.2,01-06-2019
301635,213,200506,4,03-12-2024
301636,1021,200940,1.7,30-03-2023
301637,1207,200654,3.2,20-11-2021
301638,1384,200557,3.3,05-11-2022
301639,1464,200445,2.6,18-07-2020
301640,359,200795,2.7,30-07-2022
301641,894,200606,1.3,13-01-2023
301642,1179,200469,1.2,01-05-2024
301643,775,200425,1.6,25-03-2021
301644,648,200991,2.6,01-08-2020
301645,543,200723,4,24-12-2023
301646,803,200351,4,16-07-2021
301647,1106,200700,4.5,09-10-2019
301648,766,200702,3.8,01-10-2022
301649,900,200484,1.4,05-02-2024
301650,1009,200565,3.8,07-11-2020
301651,305,200326,4.1,03-02-2023
301652,171,200385,3,22-04-2021
301653,1432,200350,2.2,01-09-2024
301654,951,200910,2.8,01-07-2019
301655,519,200863,2.4,21-04-2022
301656,118,200370,4.7,13-06-2021
301657,411,200331,1.4,01-11-2024
301658,650,200581,1.8,05-12-2020
301659,1196,200599,1.5,12-05-2023
301660,176,200722,2.9,14-03-2020
301661,1227,200753,2.7,29-08-2022
301662,852,200673,1.5,17-06-2023
301663,891,200695,4.6,05-01-2021
301664,1470,200682,2.7,11-11-2019
301665,972,200550,1.8,23-12-2022
301666,953,200302,2.7,02-09-2023
301667,1216,200352,3,10-06-2021
301668,1323,200539,2.8,19-04-2024
301669,687,200723,4.8,01-10-2020
301670,1238,200787,3.9,07-08-2021
301671,1409,200975,3.5,11-03-2023
301672,1404,200863,3.5,30-12-2019
301673,1281,200389,1.5,08-01-2024
301674,932,200326,2,26-03-2022
301675,641,200388,4,15-07-2023
301676,1060,200684,2.5,06-06-2020
301677,716,200674,3.9,20-10-2024
301678,756,200329,4.7,29-11-2021
301679,362,200880,1.3,16-09-2022
301680,2,200561,2.3,21-12-2020
301681,1164,200822,1.4,04-05-2023
301682,511,200581,1.5,30-06-2024
301683,767,200685,4.5,05-08-2019
301684,378,200502,1.7,19-01-2020
301685,820,200671,2,14-02-2021
301686,261,200463,1.5,22-03-2024
301687,429,200344,2.5,26-10-2023
301688,217,200579,2,08-05-2022
301689,220,200694,2.7,03-08-2024
301690,72,200648,5,18-02-2022
301691,41,200390,1.6,30-05-2021
301692,1415,200373,1.5,12-09-2020
301693,1378,200346,2.3,19-08-2023
301694,479,200477,3.6,21-06-2022
301695,535,200464,2.2,25-09-2021
301696,508,200427,3.9,11-06-2019
301697,67,200501,2.4,08-02-2020
301698,501,200463,4.9,12-12-2024
301699,1184,200820,4.1,07-04-2023
301700,241,200986,4.4,13-11-2022
301701,1379,200477,1.2,02-12-2021
301702,693,200655,2.3,27-07-2020
301703,1277,200450,2.3,18-07-2022
301704,335,200428,1.9,01-01-2023
301705,326,200569,2.4,26-05-2024
301706,1117,200796,3.1,09-09-2019
301707,701,200381,3.5,15-10-2021
301708,314,200871,3.3,02-04-2020
301709,70,200833,2.6,06-11-2023
301710,759,200938,1.5,31-01-2022
301711,206,200988,1.8,13-07-2024
301712,1354,200533,2,09-03-2021
301713,265,200986,2.4,20-08-2020
301714,542,200325,3.3,01-12-2023
301715,632,200483,4.1,03-07-2021
301716,1116,200764,2.4,17-10-2019
301717,824,200539,2.2,05-10-2022
301718,524,200800,3.1,11-02-2024
301719,1486,200457,3,15-11-2020
301720,1020,200758,1,22-05-2020
301721,1057,200948,4.3,27-02-2023
301722,1357,200321,4.9,26-04-2021
301723,870,200686,4,07-09-2024
301724,122,200588,3.7,23-07-2019
301725,1343,200562,4.6,15-04-2022
301726,1034,200521,2.1,18-06-2021
301727,535,200623,3.6,25-11-2024
301728,810,200663,1.8,09-12-2020
301729,341,200312,1.3,01-06-2023
301730,15,200959,3.2,03-08-2022
301731,254,200983,3.6,29-08-2021
301732,1196,200607,3.4,27-11-2019
301733,1110,200411,1.2,21-09-2023
301734,1058,200855,4.7,23-10-2020
301735,1491,200986,3,10-12-2022
301736,1024,200354,4.4,02-10-2021
301737,150,200977,2,30-06-2020
301738,515,200909,1.4,05-07-2023
301739,1001,200338,4.4,19-01-2019
301740,964,200896,4.5,28-01-2024
301741,837,200326,4,01-03-2022
301742,345,200383,4.1,21-12-2021
301743,923,200765,3.2,09-03-2024
301744,1002,200404,2.3,10-10-2023
301745,1476,200682,3,03-01-2020
301746,505,200612,3.6,30-05-2022
301747,960,200852,2.8,21-08-2024
301748,685,200911,3,01-05-2021
301749,99,200586,2.9,28-09-2020
301750,199,200335,1.9,06-08-2023
301751,486,200689,2.7,02-06-2022
301752,458,200897,2.4,10-09-2021
301753,457,200889,1.2,21-02-2020
301754,1439,200585,2.4,30-06-2019
301755,260,200516,3.2,27-12-2024
301756,439,200841,1.6,25-03-2023
301757,291,200398,4.8,05-11-2021
301758,469,200868,2.8,27-11-2022
301759,113,200408,4.6,12-07-2020
301760,1144,200510,3.1,01-07-2022
301761,1353,200916,2.2,19-01-2023
301762,1280,200489,3.4,09-05-2024
301763,696,200400,3.4,27-02-2021
301764,1496,200362,1.5,06-08-2020
301765,889,200310,4.6,18-12-2023
301766,77,200440,2.7,21-07-2021
301767,1319,200510,2.8,01-10-2019
301768,810,200514,3.4,22-10-2022
301769,447,200553,4.8,26-02-2024
301770,15,200491,1.1,01-11-2020
301771,1323,200642,1,10-02-2023
301772,399,200452,4.5,09-04-2021
301773,477,200917,3.9,23-09-2024
301774,896,200888,2.6,07-07-2019
301775,199,200852,3.3,29-04-2022
301776,516,200635,1.6,02-06-2021
301777,577,200795,3.4,08-11-2024
301778,157,200706,4.9,25-12-2020
301779,1179,200865,2.4,17-05-2023
301780,607,200465,3.1,17-08-2022
301781,1397,200391,2.5,14-08-2021
301782,1269,200488,2.5,01-11-2019
301783,380,200699,4.5,09-09-2023
301784,544,200337,3.9,08-10-2020
301785,800,200903,3,25-11-2022
301786,830,200945,1.7,21-09-2021
301787,822,200907,3.3,16-06-2020
301788,416,200608,3.7,20-07-2023
301789,182,200447,2.8,03-02-2019
301790,1479,200902,3,15-01-2024
301791,169,200677,3.1,13-03-2022
301792,445,200972,3.3,07-12-2021
301793,447,200878,3.5,26-03-2024
301794,31,200596,2.6,21-10-2023
301795,159,200692,2.6,17-01-2020
301796,313,200340,3.1,15-06-2022
301797,212,200358,1.2,09-08-2024
301798,1247,200654,3.5,16-04-2021
301799,1278,200978,1.9,14-09-2020
301800,550,200934,2.4,24-08-2023
301801,341,200810,1.1,27-06-2022
301802,8,200375,3.4,03-09-2021
301803,339,200467,3.4,03-02-2020
301804,959,200816,2.2,18-06-2019
301805,770,200322,2.2,18-12-2024
301806,723,200833,2,14-04-2023
301807,432,200703,3.3,29-10-2021
301808,688,200664,4.9,31-12-2022
301809,1009,200578,4.3,01-07-2020
301810,108,200578,3.7,10-07-2022
301811,880,200375,4.8,06-01-2023
301812,1031,200810,3.5,18-05-2024
301813,38,200850,3.2,14-03-2021
301814,248,200695,4.2,13-08-2020
301815,1259,200759,4.3,10-12-2023
301816,794,200920,1.7,10-07-2021
301817,1426,200630,2.3,26-10-2019
301818,471,200727,1.3,12-10-2022
301819,1025,200310,4.6,19-02-2024
301820,309,200756,4.2,23-11-2020
301821,1165,200927,3.1,19-02-2023
301822,887,200790,5,12-05-2021
301823,1476,200570,3.1,01-10-2024
301824,556,200887,1.4,19-07-2019
301825,219,200333,3.2,14-05-2022
301826,344,200686,1.3,26-06-2021
301827,1077,200558,3.5,12-11-2024
301828,917,200739,1.3,17-12-2020
301829,550,200954,1.4,29-05-2023
301830,1464,200713,1.5,01-09-2022
301831,285,200584,1.4,21-08-2021
301832,1295,200649,1.6,15-11-2019
301833,1126,200421,3,04-10-2023
301834,888,200794,4.5,16-10-2020
301835,1126,200436,1.3,03-12-2022
301836,1379,200668,1.7,16-09-2021
301837,1114,200429,2.1,23-06-2020
301838,840,200989,1.7,13-07-2023
301839,790,200754,3.1,11-03-2019
301840,1294,200313,2.9,03-01-2024
301841,1296,200851,3.1,04-02-2022
301842,560,200732,2.7,28-12-2021
301843,462,200830,3.3,12-04-2024
301844,369,200574,3.9,19-11-2023
301845,1311,200900,3.4,11-01-2020
301846,978,200541,1.7,09-06-2022
301847,143,200655,1.4,17-09-2024
301848,913,200977,1.7,01-04-2021
301849,695,200894,2.3,02-09-2020
301850,1112,200641,2.7,10-08-2023
301851,1032,200317,4.7,24-07-2022
301852,476,200845,3.7,28-09-2021
301853,689,200423,5,15-02-2020
301854,608,200326,4.9,01-06-2019
301855,187,200975,4.6,03-12-2024
301856,869,200656,3.2,30-03-2023
301857,468,200564,4.6,20-11-2021
301858,1181,200436,4.4,05-11-2022
301859,1288,200884,2.9,18-07-2020
301860,1050,200490,4.1,30-07-2022
301861,904,200877,4.1,13-01-2023
301862,1049,200775,1.2,01-05-2024
301863,832,200323,2.1,25-03-2021
301864,1359,200931,1.2,01-08-2020
301865,248,200975,2.3,24-12-2023
301866,1426,200501,2.7,16-07-2021
301867,30,200341,3.4,09-10-2019
301868,946,200569,1.4,01-10-2022
301869,1375,200614,1.8,05-02-2024
301870,1078,200763,3.4,07-11-2020
301871,969,200349,4.4,03-02-2023
301872,323,200782,4.3,22-04-2021
301873,402,200546,1,01-09-2024
301874,1167,200849,4,01-07-2019
301875,1071,200443,3.4,21-04-2022
301876,704,200437,2.6,13-06-2021
301877,430,200554,3.2,01-11-2024
301878,1166,200346,2.7,05-12-2020
301879,1459,200887,2.9,12-05-2023
301880,1063,200427,3.9,14-03-2020
301881,1086,200441,3.3,29-08-2022
301882,340,200913,2.6,17-06-2023
301883,1288,200811,1.9,05-01-2021
301884,715,200710,3.2,11-11-2019
301885,330,200649,2.3,23-12-2022
301886,179,200949,3.2,02-09-2023
301887,648,200463,4.4,10-06-2021
301888,67,200359,4.7,19-04-2024
301889,91,200540,2.3,01-10-2020
301890,1080,200594,4,07-08-2021
301891,773,200330,3.8,11-03-2023
301892,819,200334,2.7,30-12-2019
301893,905,200755,4.4,08-01-2024
301894,1043,200648,1.6,26-03-2022
301895,791,200922,3.8,15-07-2023
301896,749,200479,4.1,06-06-2020
301897,1244,200308,4.9,20-10-2024
301898,1243,200491,2.5,29-11-2021
301899,959,200798,2.4,16-09-2022
301900,1218,200950,3.2,21-12-2020
301901,288,200786,1.3,04-05-2023
301902,890,200784,5,30-06-2024
301903,941,200753,2.2,05-08-2019
301904,1299,200980,3.3,19-01-2020
301905,1255,200991,2.9,14-02-2021
301906,234,200877,3.7,22-03-2024
301907,1048,200980,3.4,26-10-2023
301908,670,200938,3,08-05-2022
301909,559,200773,3.6,03-08-2024
301910,1115,200789,2.2,18-02-2022
301911,1156,200827,2,30-05-2021
301912,1258,200666,3.9,12-09-2020
301913,1284,200622,3.2,19-08-2023
301914,465,200587,3,21-06-2022
301915,44,200532,2.9,25-09-2021
301916,1030,200989,2.4,11-06-2019
301917,898,200996,2.8,08-02-2020
301918,581,200652,3.9,12-12-2024
301919,1245,200455,1.9,07-04-2023
301920,1307,200366,3.8,13-11-2022
301921,449,200899,1.8,02-12-2021
301922,1293,200673,4.3,27-07-2020
301923,828,200350,2.4,18-07-2022
301924,368,200957,3.5,01-01-2023
301925,438,200403,1.6,26-05-2024
301926,214,200751,3.4,09-09-2019
301927,126,200322,3.6,15-10-2021
301928,1039,200832,2.7,02-04-2020
301929,1223,200505,2,06-11-2023
301930,107,200679,4.5,31-01-2022
301931,1110,200656,4.8,13-07-2024
301932,1123,200940,1.5,09-03-2021
301933,1124,200458,3.2,20-08-2020
301934,896,200648,2.9,01-12-2023
301935,1469,200983,3.6,03-07-2021
301936,1398,200570,3.3,17-10-2019
301937,261,200959,3.4,05-10-2022
301938,885,200811,4.9,11-02-2024
301939,267,200330,4.4,15-11-2020
301940,506,200633,3.9,22-05-2020
301941,1224,200425,1,27-02-2023
301942,753,200828,3.6,26-04-2021
301943,331,200999,3.9,07-09-2024
301944,31,200692,2.5,23-07-2019
301945,588,200864,1.9,15-04-2022
301946,783,200904,3.1,18-06-2021
301947,793,200701,2.8,25-11-2024
301948,985,200708,4.3,09-12-2020
301949,522,200337,3.6,01-06-2023
301950,832,200335,3.8,03-08-2022
301951,479,200607,1.8,29-08-2021
301952,1347,200320,2,27-11-2019
301953,981,200560,3.8,21-09-2023
301954,792,200848,3,23-10-2020
301955,102,200960,1.4,10-12-2022
301956,942,200600,2.1,02-10-2021
301957,18,200773,3.2,30-06-2020
301958,970,200544,2.4,05-07-2023
301959,959,200630,4.5,19-01-2019
301960,1414,200408,4.8,28-01-2024
301961,473,200481,1.9,01-03-2022
301962,788,200411,2.4,21-12-2021
301963,1379,200661,3.1,09-03-2024
301964,1186,200692,4.2,10-10-2023
301965,856,200628,4,03-01-2020
301966,946,200518,1.1,30-05-2022
301967,743,200957,3.4,21-08-2024
301968,303,200720,2.3,01-05-2021
301969,1399,200913,4.8,28-09-2020
301970,1117,200935,4.6,06-08-2023
301971,287,200801,4.4,02-06-2022
301972,484,200852,3,10-09-2021
301973,777,200392,3.2,21-02-2020
301974,205,200367,2,30-06-2019
301975,1420,200598,1.6,27-12-2024
301976,1446,200844,1.1,25-03-2023
301977,1418,200465,3.7,05-11-2021
301978,1206,200361,4.9,27-11-2022
301979,1227,200429,2,12-07-2020
301980,568,200671,2.2,01-07-2022
301981,673,200417,4.4,19-01-2023
301982,1180,200633,1.6,09-05-2024
301983,235,200438,3.1,27-02-2021
301984,388,200793,2.2,06-08-2020
301985,823,200619,3.2,18-12-2023
301986,451,200591,3.7,21-07-2021
301987,353,200996,1.7,01-10-2019
301988,1455,200534,2.8,22-10-2022
301989,711,200826,1.6,26-02-2024
301990,839,200726,4.1,01-11-2020
301991,623,200461,3.2,10-02-2023
301992,433,200943,1.4,09-04-2021
301993,459,200563,4.3,23-09-2024
301994,228,200761,4.4,07-07-2019
301995,1105,200731,2.8,29-04-2022
301996,133,200660,2.8,02-06-2021
301997,446,200763,4.4,08-11-2024
301998,41,200956,4.7,25-12-2020
301999,265,200702,3.2,17-05-2023
